SUBMISSIONYEARQUARTER,PWSID,VIOLATION_ID,VIOLATION_CATEGORY_CODE,IS_HEALTH_BASED_IND,CONTAMINANT_CODE
2026Q2,WV9902015,72002,MCL,Y,1040
2026Q2,WV9902027,62109,MCL,Y,1040
2026Q2,WV9902027,62113,MCL,Y,1040
2026Q2,WV9902027,62115,MCL,Y,1040
2026Q2,WV9902027,62305,MCL,Y,1041
2026Q2,WV9913096,487041,MCL,Y,1041
2026Q2,WV9919051,614600,MCL,Y,1040
2026Q2,WV9919051,614700,MCL,Y,1040
2026Q2,WV9919051,614801,MCL,Y,1040
2026Q2,WV9919051,618203,MCL,Y,1040
2026Q2,WV9919051,618403,MCL,Y,1040
2026Q2,WV9919051,618503,MCL,Y,1040
2026Q2,WV9919051,627615,MCL,Y,1040
2026Q2,WV9919075,132498,MCL,Y,1040
2026Q2,WV9919080,136198,MCL,Y,1040
2026Q2,WV9919095,85,MCL,Y,1040
2026Q2,WV9920086,123,MCL,Y,1041
2026Q2,WV9930123,446402,MCL,Y,1040
2026Q2,WY5600021,12181,MCL,Y,1040
2026Q2,WY5600051,410,MCL,Y,1038
2026Q2,WY5600071,9000482,MCL,Y,1040
2026Q2,WY5600164,1800,MCL,Y,1040
2026Q2,WY5600171,4003915,MCL,Y,1038
2026Q2,WY5600171,4003917,MCL,Y,1038
2026Q2,WY5600171,4003918,MCL,Y,1038
2026Q2,WY5600171,4003920,MCL,Y,1038
2026Q2,WY5600171,4003922,MCL,Y,1038
2026Q2,WY5600171,4003924,MCL,Y,1038
2026Q2,WY5600214,4015693,MCL,Y,1038
2026Q2,WY5600214,4015696,MCL,Y,1038
2026Q2,WY5600298,4000289,MCL,Y,1038
2026Q2,WY5600298,4000291,MCL,Y,1038
2026Q2,WY5600298,4000292,MCL,Y,1038
2026Q2,WY5600298,4000294,MCL,Y,1038
2026Q2,WY5600298,4000297,MCL,Y,1038
2026Q2,WY5600584,200,MCL,Y,1040
2026Q2,WY5601066,919,MCL,Y,1038
2026Q2,WY5601102,2413,MCL,Y,1038
2026Q2,WY5601146,1708,MCL,Y,1038
2026Q2,WY5601146,1714,MCL,Y,1038
2026Q2,WY5601146,1715,MCL,Y,1038
2026Q2,WY5601146,701,MCL,Y,1038
2026Q2,WY5601188,299,MCL,Y,1038
2026Q2,WY5601233,1820,MCL,Y,1038
2026Q2,WY5601233,1822,MCL,Y,1038
2026Q2,WY5601233,1823,MCL,Y,1038
2026Q2,WY5601233,1832,MCL,Y,1038
2026Q2,WY5601233,1835,MCL,Y,1038
2026Q2,WY5601419,10704,MCL,Y,1038
2026Q2,WY5601532,614,MCL,Y,1038
2026Q2,WY5601586,213,MCL,Y,1038
2026Q2,WY5601586,220,MCL,Y,1038
2026Q2,WY5601586,226,MCL,Y,1038
2026Q2,WY5601586,229,MCL,Y,1038
2026Q2,WY5601644,56,MCL,Y,1038
2026Q2,WY5601644,68,MCL,Y,1038
2026Q2,ID6030003,2902,MCL,Y,1040
2026Q2,CA5000252,8200117,MCL,Y,1040
2026Q2,IA0709205,8899,MCL,Y,1040
2026Q2,WA5323240,0465846,MCL,Y,1040
2026Q2,NY5503406,26182,MCL,Y,1040
2026Q2,CA3310016,8300345,MCL,Y,1040
2026Q2,KS2001301,46980,MCL,Y,1040
2026Q2,TX1110102,4001697,MCL,Y,1040
2026Q2,IA5343200,1138282,MCL,Y,1040
2026Q2,TX0900002,1384980,MCL,Y,1040
2026Q2,PA7670977,9100291,MCL,Y,1040
2026Q2,DE0002598,11190,MCL,Y,1040
2026Q2,CA5601114,8417711,MCL,Y,1040
2026Q2,MD1121075,1,MCL,Y,1040
2026Q2,TX0680013,190,MCL,Y,1040
2026Q2,WA5314176,0337656,MCL,Y,1040
2026Q2,NY5103703,4587,MCL,Y,1040
2026Q2,DE0003303,4791,MCL,Y,1040
2026Q2,DE0000171,293,MCL,Y,1040
2026Q2,MI0820074,8615012,MCL,Y,1040
2026Q2,DE0000157,3482,MCL,Y,1040
2026Q2,DE0002303,5593,MCL,Y,1040
2026Q2,PA7360071,8535330,MCL,Y,1040
2026Q2,PA6250014,8530598,MCL,Y,1040
2026Q2,WA5353250,0784793,MCL,Y,1040
2026Q2,TX0680069,199,MCL,Y,1040
2026Q2,CA5410012,8907997,MCL,Y,1040
2026Q2,DE0000834,793,MCL,Y,1040
2026Q2,MD1131018,8200413,MCL,Y,1040
2026Q2,AZ0407138,311283,MCL,Y,1040
2026Q2,CA3910003,8400474,MCL,Y,1040
2026Q2,TX1590001,3004398,MCL,Y,1040
2026Q2,MI2005375,8615364,MCL,Y,1040
2026Q2,CA3310044,8400355,MCL,Y,1040
2026Q2,CA2701151,8413656,MCL,Y,1040
2026Q2,WA5309677,0257802,MCL,Y,1040
2026Q2,CA0400038,8631535,MCL,Y,1040
2026Q2,WI7500101,8000012,MCL,Y,1040
2026Q2,TX0680046,389,MCL,Y,1040
2026Q2,WY5600075,521180,MCL,Y,1040
2026Q2,NY4117771,60081,MCL,Y,1040
2026Q2,IL2015364,1208090,MCL,Y,1040
2026Q2,KS2013504,8343983,MCL,Y,1040
2026Q2,CA3310059,8700314,MCL,Y,1040
2026Q2,OK2002804,103595,MCL,Y,1040
2026Q2,WI8020491,0500018,MCL,Y,1040
2026Q2,CA5602111,8631446,MCL,Y,1040
2026Q2,DE0001541,11490,MCL,Y,1040
2026Q2,CA3301654,8200152,MCL,Y,1040
2026Q2,FL5364109,0002474,MCL,Y,1040
2026Q2,IA6436087,216883,MCL,Y,1040
2026Q2,CA5400562,8417633,MCL,Y,1040
2026Q2,CA3310018,8500075,MCL,Y,1040
2026Q2,NY5103703,7682,MCL,Y,1040
2026Q2,CA5100104,8524386,MCL,Y,1040
2026Q2,CA5602106,8630945,MCL,Y,1040
2026Q2,OK2002902,25895,MCL,Y,1040
2026Q2,ID5160004,3106,MCL,Y,1040
2026Q2,CA5000331,8200124,MCL,Y,1040
2026Q2,TX0120001,3000296,MCL,Y,1040
2026Q2,DE0000627,291,MCL,Y,1040
2026Q2,NE3150330,202593,MCL,Y,1040
2026Q2,AZ0407014,414183,MCL,Y,1040
2026Q2,IA6000744,9017485,MCL,Y,1040
2026Q2,NE3114104,421758,MCL,Y,1038
2026Q2,WA5349150,0722866,MCL,Y,1040
2026Q2,PA7361042,8535950,MCL,Y,1040
2026Q2,CA2400006,8412516,MCL,Y,1040
2026Q2,OR4101030,7173880,MCL,Y,1040
2026Q2,KS2016302,8347083,MCL,Y,1040
2026Q2,MI6420065,8615258,MCL,Y,1040
2026Q2,TX0390019,254088,MCL,Y,1040
2026Q2,CA3310021,8600817,MCL,Y,1040
2026Q2,KS2016501,8343883,MCL,Y,1040
2026Q2,CA5400663,8100252,MCL,Y,1040
2026Q2,CA3610050,8700867,MCL,Y,1040
2026Q2,DE0002303,10590,MCL,Y,1040
2026Q2,DE0000075,1193,MCL,Y,1040
2026Q2,OK2002659,50294,MCL,Y,1040
2026Q2,OK2003704,98893,MCL,Y,1040
2026Q2,AZ0407088,1059781,MCL,Y,1040
2026Q2,090605177,060517701104012026,MCL,Y,1040
2026Q2,CA3900716,8941494,MCL,Y,1040
2026Q2,IA7341059,11180,MCL,Y,1040
2026Q2,MD1101216,91V0001,MCL,Y,1040
2026Q2,TX1590006,1245782,MCL,Y,1040
2026Q2,CA3310021,8600818,MCL,Y,1040
2026Q2,CA4200514,8416101,MCL,Y,1040
2026Q2,MD1061156,92V0001,MCL,Y,1040
2026Q2,MD1060050,8001034,MCL,Y,1040
2026Q2,TX2440006,1253282,MCL,Y,1040
2026Q2,MI0820074,8615299,MCL,Y,1040
2026Q2,AZ0414021,1011581,MCL,Y,1040
2026Q2,IA2825099,96199,MCL,Y,1040
2026Q2,MI2008933,8615315,MCL,Y,1040
2026Q2,CA3000513,8413709,MCL,Y,1040
2026Q2,DE0001541,8790,MCL,Y,1040
2026Q2,WY5600164,296,MCL,Y,1040
2026Q2,OK2002411,94693,MCL,Y,1040
2026Q2,DE0002316,14992,MCL,Y,1040
2026Q2,CA5410012,8400577,MCL,Y,1040
2026Q2,WA5313550,93V0001,MCL,Y,1040
2026Q2,CA3310010,8010123,MCL,Y,1040
2026Q2,PA7360092,8535472,MCL,Y,1040
2026Q2,PA7360031,8535164,MCL,Y,1040
2026Q2,CA1300540,8314398,MCL,Y,1040
2026Q2,TX1650086,195,MCL,Y,1040
2026Q2,AZ0407357,503,MCL,Y,1040
2026Q2,CA4100521,8380079,MCL,Y,1040
2026Q2,DE0000832,5980,MCL,Y,1040
2026Q2,CA1400004,8200005,MCL,Y,1040
2026Q2,MD1131026,8200416,MCL,Y,1040
2026Q2,WA5385129,0261413,MCL,Y,1040
2026Q2,MD0220002,8300107,MCL,Y,1040
2026Q2,CA3600115,8735917,MCL,Y,1040
2026Q2,ID2350005,2135585,MCL,Y,1040
2026Q2,TX0680013,193,MCL,Y,1040
2026Q2,PA7220857,8420241,MCL,Y,1040
2026Q2,MI0320047,8615103,MCL,Y,1040
2026Q2,KS2001307,45980,MCL,Y,1040
2026Q2,CA2710016,8400197,MCL,Y,1040
2026Q2,CA3000825,8000248,MCL,Y,1040
2026Q2,CA1000355,8625954,MCL,Y,1040
2026Q2,MD1051012,8200395,MCL,Y,1040
2026Q2,MI3920088,8615324,MCL,Y,1040
2026Q2,CA4310006,8110134,MCL,Y,1040
2026Q2,TX2440009,4115992,MCL,Y,1040
2026Q2,DE0000075,6690,MCL,Y,1040
2026Q2,CA3400140,8100204,MCL,Y,1040
2026Q2,OK2002902,25695,MCL,Y,1040
2026Q2,DE0000627,391,MCL,Y,1040
2026Q2,PA3480407,8310271,MCL,Y,1040
2026Q2,TX2440001,189,MCL,Y,1040
2026Q2,IN2710122,18,MCL,Y,1040
2026Q2,DE0001541,2191,MCL,Y,1040
2026Q2,KS2015708,31781,MCL,Y,1040
2026Q2,TX0390003,4102192,MCL,Y,1040
2026Q2,DE0000299,9093,MCL,Y,1040
2026Q2,CA5410012,8900393,MCL,Y,1040
2026Q2,CA2701820,8380035,MCL,Y,1040
2026Q2,DE0000601,4880,MCL,Y,1040
2026Q2,WA5359317,2471407,MCL,Y,1040
2026Q2,CA3901107,9044779,MCL,Y,1040
2026Q2,CA2700754,8413576,MCL,Y,1040
2026Q2,CA2400122,8626923,MCL,Y,1040
2026Q2,NE3150495,203493,MCL,Y,1040
2026Q2,DE0000299,10193,MCL,Y,1040
2026Q2,CA3310033,8010148,MCL,Y,1040
2026Q2,TX1520012,419085,MCL,Y,1040
2026Q2,PA2400379,9223301,MCL,Y,1040
2026Q2,MI2008962,8615169,MCL,Y,1040
2026Q2,ID6030045,2136185,MCL,Y,1040
2026Q2,AZ0407438,1216281,MCL,Y,1040
2026Q2,CA3301644,8380039,MCL,Y,1040
2026Q2,WA5366615,88V0001,MCL,Y,1040
2026Q2,DE0001598,497,MCL,Y,1040
2026Q2,PA3060825,8028945,MCL,Y,1040
2026Q2,CA3000605,8633228,MCL,Y,1040
2026Q2,IA0932401,21285,MCL,Y,1040
2026Q2,DE0000864,993,MCL,Y,1040
2026Q2,OK2005749,131099,MCL,Y,1040
2026Q2,AZ0407128,1055382,MCL,Y,1040
2026Q2,DE0000864,7992,MCL,Y,1040
2026Q2,AZ0407090,415083,MCL,Y,1040
2026Q2,CA0400029,8200001,MCL,Y,1040
2026Q2,CA4310006,8010201,MCL,Y,1040
2026Q2,CA0707561,8380007,MCL,Y,1040
2026Q2,CA3301574,8630200,MCL,Y,1040
2026Q2,NE3150529,6589,MCL,Y,1040
2026Q2,CA3702028,8380075,MCL,Y,1040
2026Q2,DE0002303,7393,MCL,Y,1040
2026Q2,TX2430002,2003596,MCL,Y,1040
2026Q2,MO2069020,1V87,MCL,Y,1040
2026Q2,MI3920110,8615235,MCL,Y,1040
2026Q2,DE0000509,780,MCL,Y,1040
2026Q2,TX2140019,111286,MCL,Y,1040
2026Q2,MI2001861,8615165,MCL,Y,1040
2026Q2,WA5302410,8383109,MCL,Y,1040
2026Q2,WA5317189,0933841,MCL,Y,1040
2026Q2,MI3920144,8615236,MCL,Y,1040
2026Q2,TX0680013,196,MCL,Y,1040
2026Q2,WA5352745,2472098,MCL,Y,1040
2026Q2,NY4410190,52381,MCL,Y,1040
2026Q2,CA4300792,8416471,MCL,Y,1040
2026Q2,TX1530006,289,MCL,Y,1040
2026Q2,PA7360399,9007047,MCL,Y,1040
2026Q2,CA3310018,8300355,MCL,Y,1040
2026Q2,CA5102020,8630742,MCL,Y,1040
2026Q2,DE0000041,12590,MCL,Y,1040
2026Q2,VA2161600,1487980,MCL,Y,1040
2026Q2,CA2701000,8413634,MCL,Y,1040
2026Q2,TX1530007,1395780,MCL,Y,1040
2026Q2,PA7360444,8030547,MCL,Y,1040
2026Q2,DE0000168,392,MCL,Y,1040
2026Q2,ID4200037,4000183,MCL,Y,1040
2026Q2,DE0000607,6280,MCL,Y,1040
2026Q2,CA5410012,8300606,MCL,Y,1040
2026Q2,MI3420017,8715005,MCL,Y,1040
2026Q2,CA3310044,8400361,MCL,Y,1040
2026Q2,CA4300811,8416505,MCL,Y,1040
2026Q2,PA7360126,8409704,MCL,Y,1040
2026Q2,DE0000600,598,MCL,Y,1040
2026Q2,CA5700718,8417874,MCL,Y,1040
2026Q2,CA4410303,8600404,MCL,Y,1040
2026Q2,CA5000069,8200107,MCL,Y,1040
2026Q2,MI3420017,8615138,MCL,Y,1040
2026Q2,CA4300610,8200093,MCL,Y,1040
2026Q2,KS2014103,47981,MCL,Y,1040
2026Q2,FL6515162,20060000767,MCL,Y,1040
2026Q2,PA7360827,8030552,MCL,Y,1040
2026Q2,DE0000947,6892,MCL,Y,1040
2026Q2,CA5400706,8417667,MCL,Y,1040
2026Q2,TX1590001,4004097,MCL,Y,1040
2026Q2,IA0932001,9017285,MCL,Y,1040
2026Q2,WA5383830,8150401,MCL,Y,1040
2026Q2,CA3310016,8300347,MCL,Y,1040
2026Q2,CA3600021,8200070,MCL,Y,1040
2026Q2,CA4200867,8324800,MCL,Y,1040
2026Q2,DE0000705,5580,MCL,Y,1040
2026Q2,OK2005711,282394,MCL,Y,1040
2026Q2,OK2004154,1V83,MCL,Y,1040
2026Q2,FL3420182,95V0001,MCL,Y,1040
2026Q2,TX1590007,100,MCL,Y,1040
2026Q2,IA6055077,12380,MCL,Y,1040
2026Q2,TX1530003,4110492,MCL,Y,1040
2026Q2,CA4410303,8400504,MCL,Y,1040
2026Q2,CA4300575,8200160,MCL,Y,1040
2026Q2,TX1730003,269688,MCL,Y,1040
2026Q2,PA7360138,0337031,MCL,Y,1040
2026Q2,CA5400596,8417643,MCL,Y,1040
2026Q2,CA3010046,8010091,MCL,Y,1040
2026Q2,MD0060216,9710002,MCL,Y,1040
2026Q2,NE3120191,112793,MCL,Y,1040
2026Q2,IA3113587,9007385,MCL,Y,1040
2026Q2,TX2440006,4115692,MCL,Y,1040
2026Q2,KS2014105,8248482,MCL,Y,1040
2026Q2,DE0000864,492,MCL,Y,1040
2026Q2,CA3310035,8700312,MCL,Y,1040
2026Q2,TX1110102,198,MCL,Y,1040
2026Q2,KS2016501,7981,MCL,Y,1040
2026Q2,DE0002316,594,MCL,Y,1040
2026Q2,IA8166061,9019485,MCL,Y,1040
2026Q2,PA7360091,8318539,MCL,Y,1040
2026Q2,FL5280295,8000014,MCL,Y,1040
2026Q2,CA4310006,8300517,MCL,Y,1040
2026Q2,NE3120223,490,MCL,Y,1040
2026Q2,TX0870002,1231182,MCL,Y,1040
2026Q2,IA5765001,8299,MCL,Y,1040
2026Q2,WA53AD658,2555634,MCL,Y,1040
2026Q2,NM3594526,249080,MCL,Y,1040
2026Q2,CA3310033,8210034,MCL,Y,1040
2026Q2,AZ0411357,1010481,MCL,Y,1040
2026Q2,TX1380011,1390380,MCL,Y,1040
2026Q2,CA1000035,8100145,MCL,Y,1040
2026Q2,NY5730009,317,MCL,Y,1040
2026Q2,WA5301874,1572536,MCL,Y,1040
2026Q2,FL3484406,20230010714,MCL,Y,1040
2026Q2,DE0000483,298,MCL,Y,1040
2026Q2,DE0000168,292,MCL,Y,1040
2026Q2,CA5602111,8631442,MCL,Y,1040
2026Q2,CA2700656,8627323,MCL,Y,1040
2026Q2,CA4300785,8416459,MCL,Y,1040
2026Q2,CA4300811,8416503,MCL,Y,1040
2026Q2,WA5304460,0620982,MCL,Y,1040
2026Q2,TX0280017,400100,MCL,Y,1040
2026Q2,CA4300575,8380103,MCL,Y,1040
2026Q2,CA2701105,8413648,MCL,Y,1040
2026Q2,IA8114000,9009585,MCL,Y,1040
2026Q2,OK2000203,265809,MCL,Y,1038
2026Q2,WI1140163,8000006,MCL,Y,1040
2026Q2,DE0002096,194,MCL,Y,1040
2026Q2,MI0820074,8615209,MCL,Y,1040
2026Q2,CA3310018,8010128,MCL,Y,1040
2026Q2,AZ0413408,1635081,MCL,Y,1040
2026Q2,CA4410303,8400508,MCL,Y,1040
2026Q2,CA5000218,8200116,MCL,Y,1040
2026Q2,CA4200532,8200083,MCL,Y,1040
2026Q2,CA4310006,8400493,MCL,Y,1040
2026Q2,CA2701037,8413644,MCL,Y,1040
2026Q2,DE0000075,3198,MCL,Y,1040
2026Q2,KS2011302,8345183,MCL,Y,1040
2026Q2,CA5100112,8380155,MCL,Y,1040
2026Q2,CA3900794,9044775,MCL,Y,1040
2026Q2,WA5318750,0790972,MCL,Y,1040
2026Q2,AZ0407438,1062081,MCL,Y,1040
2026Q2,CA3000771,8522497,MCL,Y,1040
2026Q2,CA4300802,8416481,MCL,Y,1040
2026Q2,DE0000397,5380,MCL,Y,1040
2026Q2,CA5410012,8300597,MCL,Y,1040
2026Q2,MD1120030,8200409,MCL,Y,1040
2026Q2,ND5310200,281,MCL,Y,1040
2026Q2,WA5318750,0767634,MCL,Y,1040
2026Q2,MI3920144,8615040,MCL,Y,1040
2026Q2,CA3901033,8735992,MCL,Y,1040
2026Q2,WA5300119,0415325,MCL,Y,1040
2026Q2,CA1400083,8200017,MCL,Y,1040
2026Q2,AZ0411377,797088,MCL,Y,1040
2026Q2,CA5000311,8200122,MCL,Y,1040
2026Q2,DE0000619,12990,MCL,Y,1040
2026Q2,DE0002541,8890,MCL,Y,1040
2026Q2,FL6531265,8000020,MCL,Y,1040
2026Q2,MN1590001,4128,MCL,Y,1040
2026Q2,CA3310016,8400312,MCL,Y,1040
2026Q2,TX1520012,1239982,MCL,Y,1040
2026Q2,TX0680013,3000897,MCL,Y,1040
2026Q2,WA5351724,0258730,MCL,Y,1040
2026Q2,WA5358951,0420277,MCL,Y,1040
2026Q2,AZ0410115,1447780,MCL,Y,1040
2026Q2,MD0060217,8300103,MCL,Y,1040
2026Q2,CA2701799,8631471,MCL,Y,1040
2026Q2,MD1061009,8001035,MCL,Y,1040
2026Q2,DE0000419,3892,MCL,Y,1040
2026Q2,TX2430008,1403080,MCL,Y,1040
2026Q2,DE0003303,1293,MCL,Y,1040
2026Q2,TX0270084,191,MCL,Y,1040
2026Q2,AZ0407272,2608389,MCL,Y,1040
2026Q2,CA3610056,8300450,MCL,Y,1040
2026Q2,DE0003605,596,MCL,Y,1040
2026Q2,CA5000332,8200125,MCL,Y,1040
2026Q2,TX0120004,1218282,MCL,Y,1040
2026Q2,CA2701161,8200039,MCL,Y,1040
2026Q2,CA5700631,8417833,MCL,Y,1040
2026Q2,CA4200856,8380089,MCL,Y,1040
2026Q2,CA0706006,8410181,MCL,Y,1040
2026Q2,KS2016713,47281,MCL,Y,1040
2026Q2,CA2400135,8412552,MCL,Y,1040
2026Q2,PR0002962,3445898,MCL,Y,1040
2026Q2,TX0120001,1000698,MCL,Y,1040
2026Q2,WI6030264,9500002,MCL,Y,1038
2026Q2,DE0000598,180,MCL,Y,1040
2026Q2,CA4310006,8600398,MCL,Y,1040
2026Q2,IA2745881,1137982,MCL,Y,1040
2026Q2,CA1300540,8411151,MCL,Y,1040
2026Q2,TX2430008,436285,MCL,Y,1040
2026Q2,CA5400819,8200137,MCL,Y,1040
2026Q2,CA3301654,8200151,MCL,Y,1040
2026Q2,CA3310021,8010135,MCL,Y,1040
2026Q2,CA2700867,8413600,MCL,Y,1040
2026Q2,ID5160004,3206,MCL,Y,1040
2026Q2,PA7360353,8011816,MCL,Y,1040
2026Q2,CA3900711,8415970,MCL,Y,1040
2026Q2,DE0000202,2680,MCL,Y,1040
2026Q2,MI3920144,8615146,MCL,Y,1040
2026Q2,PA7670084,8505793,MCL,Y,1040
2026Q2,CA4300610,8380131,MCL,Y,1040
2026Q2,CA5400682,8417661,MCL,Y,1040
2026Q2,DE0000944,2492,MCL,Y,1040
2026Q2,CA4200514,8416098,MCL,Y,1040
2026Q2,WA5309300,8383110,MCL,Y,1040
2026Q2,OK2002902,101193,MCL,Y,1040
2026Q2,OK2005756,61093,MCL,Y,1040
2026Q2,VI3000459,9999900000000000002,MCL,Y,1040
2026Q2,DE0000627,1391,MCL,Y,1040
2026Q2,DE0000293,1992,MCL,Y,1040
2026Q2,IL2030200,2859386,MCL,Y,1040
2026Q2,TX2200124,1250782,MCL,Y,1040
2026Q2,TX1011582,1386880,MCL,Y,1040
2026Q2,SC1370875,1696391,MCL,Y,1040
2026Q2,MI2006864,8615347,MCL,Y,1040
2026Q2,DE0000611,798,MCL,Y,1040
2026Q2,CA1009080,8632186,MCL,Y,1040
2026Q2,CA4310006,8600399,MCL,Y,1040
2026Q2,KS2016702,8247882,MCL,Y,1040
2026Q2,MI2007514,8615221,MCL,Y,1040
2026Q2,CA5400559,8417627,MCL,Y,1040
2026Q2,CA5400599,8100248,MCL,Y,1040
2026Q2,CA5410012,8400586,MCL,Y,1040
2026Q2,CA5100112,8633910,MCL,Y,1040
2026Q2,AZ0407637,3675388,MCL,Y,1040
2026Q2,PA7210811,8538450,MCL,Y,1040
2026Q2,IA7869801,38499,MCL,Y,1040
2026Q2,MD1221001,8200429,MCL,Y,1040
2026Q2,CA3910003,8400477,MCL,Y,1040
2026Q2,MI2006864,8615067,MCL,Y,1040
2026Q2,CA3000594,8000230,MCL,Y,1040
2026Q2,DE0000562,9193,MCL,Y,1040
2026Q2,DE0000393,2280,MCL,Y,1040
2026Q2,DE0000075,1795,MCL,Y,1040
2026Q2,CA5100166,8633918,MCL,Y,1040
2026Q2,CA3900983,8415974,MCL,Y,1040
2026Q2,TX1650010,426585,MCL,Y,1040
2026Q2,DE0000944,792,MCL,Y,1040
2026Q2,KS2013913,8248782,MCL,Y,1040
2026Q2,IA7341059,9007785,MCL,Y,1040
2026Q2,CA0710004,8400058,MCL,Y,1040
2026Q2,KS2014105,46280,MCL,Y,1040
2026Q2,AZ0415505,2427190,MCL,Y,1040
2026Q2,CA0707564,8410731,MCL,Y,1040
2026Q2,AZ0407345,3563989,MCL,Y,1040
2026Q2,MO1010489,18480,MCL,Y,1040
2026Q2,CA3310044,8900341,MCL,Y,1040
2026Q2,IA6003032,9007085,MCL,Y,1040
2026Q2,CA5700725,8417876,MCL,Y,1040
2026Q2,WA5395047,2686117,MCL,Y,1040
2026Q2,AZ0415476,1250790,MCL,Y,1040
2026Q2,CA5100113,8734584,MCL,Y,1040
2026Q2,IA3956700,115385,MCL,Y,1040
2026Q2,DE0000540,8990,MCL,Y,1040
2026Q2,CA1900699,8412310,MCL,Y,1040
2026Q2,KS2008906,44680,MCL,Y,1040
2026Q2,CA3901182,8735995,MCL,Y,1040
2026Q2,WA5300119,0465027,MCL,Y,1040
2026Q2,DE0000258,197,MCL,Y,1040
2026Q2,IA5800601,9007585,MCL,Y,1040
2026Q2,MI2001861,8615251,MCL,Y,1040
2026Q2,IA6000744,12580,MCL,Y,1040
2026Q2,CA5602106,8630953,MCL,Y,1040
2026Q2,MI2004262,8615171,MCL,Y,1040
2026Q2,CA1600001,8100164,MCL,Y,1040
2026Q2,TX0680030,1226782,MCL,Y,1040
2026Q2,AZ0407357,1008981,MCL,Y,1040
2026Q2,ND0400335,30186,MCL,Y,1040
2026Q2,MI2001264,8615066,MCL,Y,1040
2026Q2,CA4310006,8900494,MCL,Y,1040
2026Q2,CA2410012,8300221,MCL,Y,1040
2026Q2,AZ0407030,1276080,MCL,Y,1040
2026Q2,KS2005709,947,MCL,Y,1040
2026Q2,CA1000112,8632021,MCL,Y,1040
2026Q2,MI2000830,8615026,MCL,Y,1040
2026Q2,CA3000830,8000253,MCL,Y,1040
2026Q2,CA5610067,8010261,MCL,Y,1040
2026Q2,PA7670084,8409718,MCL,Y,1040
2026Q2,TX0630014,400485,MCL,Y,1040
2026Q2,NY1330069,295,MCL,Y,1040
2026Q2,CA5102019,8630739,MCL,Y,1040
2026Q2,CA2700983,8413624,MCL,Y,1040
2026Q2,OH1630212,8454807,MCL,Y,1040
2026Q2,CA3901182,8415982,MCL,Y,1040
2026Q2,MD1151002,8200425,MCL,Y,1040
2026Q2,DE0000041,1695,MCL,Y,1040
2026Q2,MI2006864,8615257,MCL,Y,1040
2026Q2,CA3910003,8400478,MCL,Y,1040
2026Q2,DE0001316,10490,MCL,Y,1040
2026Q2,CA3301394,8630192,MCL,Y,1040
2026Q2,DE0000834,1680,MCL,Y,1040
2026Q2,CA2700656,8100184,MCL,Y,1040
2026Q2,MD0002774,8000695,MCL,Y,1040
2026Q2,AZ0413329,390283,MCL,Y,1040
2026Q2,CA2400140,8412558,MCL,Y,1040
2026Q2,CA3310044,8400358,MCL,Y,1040
2026Q2,DE0000041,16792,MCL,Y,1040
2026Q2,IA0115042,11080,MCL,Y,1040
2026Q2,KS2017714,47781,MCL,Y,1040
2026Q2,WA5309356,2679851,MCL,Y,1040
2026Q2,CA4300784,8416451,MCL,Y,1040
2026Q2,TX0780013,1384580,MCL,Y,1040
2026Q2,MI3920070,8615233,MCL,Y,1040
2026Q2,CA1900003,8200142,MCL,Y,1040
2026Q2,CT0470041,4581,MCL,Y,1040
2026Q2,AK2340141,3926327,MCL,Y,1040
2026Q2,IA5815755,9010185,MCL,Y,1040
2026Q2,WA5352745,2596224,MCL,Y,1040
2026Q2,DE0002598,592,MCL,Y,1040
2026Q2,CA3310016,8400310,MCL,Y,1040
2026Q2,IL1435650,3303896,MCL,Y,1040
2026Q2,MD0060203,8300104,MCL,Y,1040
2026Q2,CA2000525,8200031,MCL,Y,1040
2026Q2,MD1101021,8001051,MCL,Y,1040
2026Q2,WA5301874,1470054,MCL,Y,1040
2026Q2,IA1444022,12080,MCL,Y,1040
2026Q2,MI3420017,8615031,MCL,Y,1040
2026Q2,CA3301394,8380037,MCL,Y,1040
2026Q2,MT0001401,34980,MCL,Y,1040
2026Q2,AZ0407388,43784,MCL,Y,1040
2026Q2,CA3000513,8317979,MCL,Y,1040
2026Q2,TX1040005,1234182,MCL,Y,1040
2026Q2,MI2022341,8615156,MCL,Y,1040
2026Q2,AZ0407096,1267480,MCL,Y,1040
2026Q2,CA5602111,8630970,MCL,Y,1040
2026Q2,PA7210812,8538452,MCL,Y,1040
2026Q2,IA1970826,15480,MCL,Y,1040
2026Q2,CA4300575,8200087,MCL,Y,1040
2026Q2,CA4300577,8416242,MCL,Y,1040
2026Q2,IA1570032,14180,MCL,Y,1040
2026Q2,CA5400663,8200135,MCL,Y,1040
2026Q2,PA7360054,8535276,MCL,Y,1040
2026Q2,VA2139039,1390198,MCL,Y,1040
2026Q2,DE0000075,1093,MCL,Y,1040
2026Q2,DE0001493,3893,MCL,Y,1040
2026Q2,FL6295071,0108130,MCL,Y,1040
2026Q2,KS2001301,8347183,MCL,Y,1040
2026Q2,CA4410303,8400509,MCL,Y,1040
2026Q2,NY3201480,1100980,MCL,Y,1040
2026Q2,CA0707579,8410815,MCL,Y,1040
2026Q2,CA2701820,8413688,MCL,Y,1040
2026Q2,CA3000513,8413710,MCL,Y,1040
2026Q2,MT0000179,184,MCL,Y,1040
2026Q2,DE0000041,1394,MCL,Y,1040
2026Q2,DE0000050,581,MCL,Y,1040
2026Q2,ID6030003,8536002,MCL,Y,1040
2026Q2,WA5359317,2593312,MCL,Y,1040
2026Q2,FL6604822,20260010686,MCL,Y,1040
2026Q2,MI1220005,8615306,MCL,Y,1040
2026Q2,CA4410303,8600403,MCL,Y,1040
2026Q2,IA4950802,9019285,MCL,Y,1040
2026Q2,CA0400101,8310367,MCL,Y,1040
2026Q2,WA5349150,0622864,MCL,Y,1040
2026Q2,DE0000947,10892,MCL,Y,1040
2026Q2,KS2016501,44580,MCL,Y,1040
2026Q2,WA5309626,0419948,MCL,Y,1040
2026Q2,CA2701140,8413654,MCL,Y,1040
2026Q2,CA0710004,8300041,MCL,Y,1040
2026Q2,CA5610067,8110187,MCL,Y,1040
2026Q2,DE0000627,9492,MCL,Y,1040
2026Q2,CT0480071,4080,MCL,Y,1040
2026Q2,MI3920110,8615145,MCL,Y,1040
2026Q2,OK2002902,279194,MCL,Y,1040
2026Q2,IA5800601,11280,MCL,Y,1040
2026Q2,CA3310044,8300383,MCL,Y,1040
2026Q2,CA3310031,8110088,MCL,Y,1040
2026Q2,CA1510013,8300089,MCL,Y,1040
2026Q2,WA5352745,2528093,MCL,Y,1040
2026Q2,CA3301837,8415312,MCL,Y,1040
2026Q2,CA5102015,8630732,MCL,Y,1040
2026Q2,PA7671295,8030971,MCL,Y,1040
2026Q2,CA3100066,8413803,MCL,Y,1040
2026Q2,IA0709207,191585,MCL,Y,1040
2026Q2,CA3310044,8400357,MCL,Y,1040
2026Q2,WI1140164,8000007,MCL,Y,1040
2026Q2,DE0001493,14192,MCL,Y,1040
2026Q2,ID1090228,716,MCL,Y,1040
2026Q2,MD0210008,96V0001,MCL,Y,1040
2026Q2,CA0707564,8410733,MCL,Y,1040
2026Q2,DE0003303,892,MCL,Y,1040
2026Q2,PA7210301,8011759,MCL,Y,1040
2026Q2,CA0707579,8410813,MCL,Y,1040
2026Q2,NC0363109,92280,MCL,Y,1040
2026Q2,ID3140112,9000484,MCL,Y,1040
2026Q2,CT0480071,29680,MCL,Y,1040
2026Q2,DE0000947,20592,MCL,Y,1040
2026Q2,CA5100104,8524389,MCL,Y,1040
2026Q2,IL2015352,1174190,MCL,Y,1040
2026Q2,WA5314176,0257911,MCL,Y,1040
2026Q2,DE0000834,1181,MCL,Y,1040
2026Q2,AZ0407096,3512889,MCL,Y,1040
2026Q2,CA4200879,8380091,MCL,Y,1040
2026Q2,WA5388990,8383101,MCL,Y,1040
2026Q2,CA5700721,8380207,MCL,Y,1040
2026Q2,CA3310018,8400324,MCL,Y,1040
2026Q2,UTAH03005,401880,MCL,Y,1040
2026Q2,CA2400135,8412551,MCL,Y,1040
2026Q2,WA5309677,0465015,MCL,Y,1040
2026Q2,WA5385129,0552064,MCL,Y,1040
2026Q2,NJ0809310,697,MCL,Y,1040
2026Q2,WA5366615,8484444,MCL,Y,1040
2026Q2,WA5302498,0259896,MCL,Y,1040
2026Q2,DE0000266,7190,MCL,Y,1040
2026Q2,CA1510005,8300075,MCL,Y,1040
2026Q2,AZ0407088,1198582,MCL,Y,1040
2026Q2,ID6030048,2136085,MCL,Y,1040
2026Q2,CA5602114,8417772,MCL,Y,1040
2026Q2,CA5000033,8200103,MCL,Y,1040
2026Q2,IN2460882,3464,MCL,Y,1040
2026Q2,DE0000832,9090,MCL,Y,1040
2026Q2,CA4300575,8200090,MCL,Y,1040
2026Q2,WA5301874,1572535,MCL,Y,1040
2026Q2,SC0930801,178387,MCL,Y,1040
2026Q2,WA5302498,0259895,MCL,Y,1040
2026Q2,CA1510013,8400077,MCL,Y,1040
2026Q2,KS2016701,8345083,MCL,Y,1040
2026Q2,CA5000338,8200127,MCL,Y,1040
2026Q2,KS2019118,44880,MCL,Y,1040
2026Q2,WA5349150,0722868,MCL,Y,1040
2026Q2,KS2008905,45180,MCL,Y,1040
2026Q2,DE0000295,593,MCL,Y,1040
2026Q2,TX2000002,1400080,MCL,Y,1040
2026Q2,CA3310018,8400323,MCL,Y,1040
2026Q2,KS2005116,8247382,MCL,Y,1040
2026Q2,KS2009504,8345883,MCL,Y,1040
2026Q2,WA5315126,8383112,MCL,Y,1040
2026Q2,CA3000745,8100188,MCL,Y,1040
2026Q2,TX2430008,1252882,MCL,Y,1040
2026Q2,DE0000286,8792,MCL,Y,1040
2026Q2,MI2015375,8614191,MCL,Y,1040
2026Q2,DE0000600,498,MCL,Y,1040
2026Q2,MI6220077,8615254,MCL,Y,1040
2026Q2,PA7360090,8318105,MCL,Y,1040
2026Q2,WY5600164,696,MCL,Y,1040
2026Q2,WA5319906,0709951,MCL,Y,1040
2026Q2,CA5400507,8417619,MCL,Y,1040
2026Q2,MD0220217,8701752,MCL,Y,1040
2026Q2,CA5602106,8630951,MCL,Y,1040
2026Q2,KS2019101,8346683,MCL,Y,1040
2026Q2,OR4101030,7253280,MCL,Y,1040
2026Q2,KS2004306,8247582,MCL,Y,1040
2026Q2,AK2340426,3008292,MCL,Y,1040
2026Q2,CA3901200,8415988,MCL,Y,1040
2026Q2,TX2170002,270888,MCL,Y,1040
2026Q2,IA2279101,25499,MCL,Y,1040
2026Q2,MT0001379,35080,MCL,Y,1040
2026Q2,KS2014102,5581,MCL,Y,1040
2026Q2,CA0400101,8410138,MCL,Y,1040
2026Q2,IA9729099,99286,MCL,Y,1040
2026Q2,TX1530010,1395880,MCL,Y,1040
2026Q2,CA4410303,8600405,MCL,Y,1040
2026Q2,AZ0410072,1450280,MCL,Y,1040
2026Q2,DE0000834,5081,MCL,Y,1040
2026Q2,PA7671165,9100293,MCL,Y,1040
2026Q2,CA3000601,8000232,MCL,Y,1040
2026Q2,IA3803094,10980,MCL,Y,1040
2026Q2,AK2340141,3913606,MCL,Y,1040
2026Q2,TX0990001,258188,MCL,Y,1040
2026Q2,DE0000873,10491,MCL,Y,1040
2026Q2,DE0000627,893,MCL,Y,1040
2026Q2,CA2701160,8413672,MCL,Y,1040
2026Q2,IA7000700,1138382,MCL,Y,1040
2026Q2,PA7360162,8030968,MCL,Y,1040
2026Q2,DE0000266,4091,MCL,Y,1040
2026Q2,DE0000834,19692,MCL,Y,1040
2026Q2,IA1880073,13880,MCL,Y,1040
2026Q2,IA7239086,9350094,MCL,Y,1040
2026Q2,MT0001957,100081,MCL,Y,1040
2026Q2,OK2000602,101393,MCL,Y,1040
2026Q2,WA5353250,0584780,MCL,Y,1040
2026Q2,DE0004525,19792,MCL,Y,1040
2026Q2,OK2002411,100993,MCL,Y,1040
2026Q2,CA5100112,8380157,MCL,Y,1040
2026Q2,MD1031185,8200396,MCL,Y,1040
2026Q2,DE0000041,15892,MCL,Y,1040
2026Q2,ID3140242,808,MCL,Y,1040
2026Q2,TX0280017,102001,MCL,Y,1040
2026Q2,KS2009505,8345483,MCL,Y,1040
2026Q2,AZ0411378,792188,MCL,Y,1040
2026Q2,MT0002040,100281,MCL,Y,1040
2026Q2,PA7360950,8318548,MCL,Y,1040
2026Q2,CA2400122,8521699,MCL,Y,1040
2026Q2,DE0000607,4381,MCL,Y,1040
2026Q2,KS2008906,8246582,MCL,Y,1040
2026Q2,TX0440002,4102492,MCL,Y,1040
2026Q2,OK2004404,45799,MCL,Y,1040
2026Q2,AZ0407404,185182,MCL,Y,1040
2026Q2,CA5410012,8908000,MCL,Y,1040
2026Q2,PA7360030,8420348,MCL,Y,1040
2026Q2,CA2700864,8413592,MCL,Y,1040
2026Q2,CA5410012,8400579,MCL,Y,1040
2026Q2,NE3107908,116094,MCL,Y,1040
2026Q2,MD1041055,8200374,MCL,Y,1040
2026Q2,FL6532531,8000019,MCL,Y,1040
2026Q2,TX1040002,1386980,MCL,Y,1040
2026Q2,NE3111915,1328,MCL,Y,1038
2026Q2,CA2701000,8413638,MCL,Y,1040
2026Q2,OK2004429,46794,MCL,Y,1040
2026Q2,DE0001303,491,MCL,Y,1040
2026Q2,CA5602114,8525381,MCL,Y,1040
2026Q2,CA2701152,8413662,MCL,Y,1040
2026Q2,KS2015905,8344083,MCL,Y,1040
2026Q2,CA4310006,8300515,MCL,Y,1040
2026Q2,IA2307201,96299,MCL,Y,1040
2026Q2,AZ0414435,1736380,MCL,Y,1040
2026Q2,IA0709201,9799,MCL,Y,1040
2026Q2,IA6015047,1135882,MCL,Y,1040
2026Q2,MI2008962,8615345,MCL,Y,1040
2026Q2,MD1221013,8001081,MCL,Y,1040
2026Q2,AZ0407357,402,MCL,Y,1040
2026Q2,MI2004712,8615218,MCL,Y,1040
2026Q2,CA3310010,8400296,MCL,Y,1040
2026Q2,WA5308520,2604325,MCL,Y,1040
2026Q2,PA7360067,8535310,MCL,Y,1040
2026Q2,CA0500052,8380005,MCL,Y,1040
2026Q2,DE0000041,1194,MCL,Y,1040
2026Q2,CA5400733,8417679,MCL,Y,1040
2026Q2,WA5394110,2588565,MCL,Y,1040
2026Q2,AZ0414326,1011781,MCL,Y,1040
2026Q2,CA5601114,8332166,MCL,Y,1040
2026Q2,TX1040004,1234082,MCL,Y,1040
2026Q2,WA5349150,0922872,MCL,Y,1040
2026Q2,IL1435365,3157395,MCL,Y,1040
2026Q2,WA5391738,8588887,MCL,Y,1040
2026Q2,TX0680090,1227182,MCL,Y,1040
2026Q2,MI2001861,8615060,MCL,Y,1040
2026Q2,CA5602111,8630959,MCL,Y,1040
2026Q2,TX0680030,80586,MCL,Y,1040
2026Q2,OR4193650,3225683,MCL,Y,1040
2026Q2,NJ1711303,15711,MCL,Y,1040
2026Q2,PA7360609,8715438,MCL,Y,1040
2026Q2,CA5602106,8630947,MCL,Y,1040
2026Q2,DE0000419,192,MCL,Y,1040
2026Q2,PA7360090,8318107,MCL,Y,1040
2026Q2,CA3310044,8010159,MCL,Y,1040
2026Q2,ND3110799,481,MCL,Y,1040
2026Q2,KS2011711,8246082,MCL,Y,1040
2026Q2,CA5602114,8525376,MCL,Y,1040
2026Q2,CA3301365,8200048,MCL,Y,1040
2026Q2,CA3310044,8400359,MCL,Y,1040
2026Q2,TX1040004,1387180,MCL,Y,1040
2026Q2,AZ0407098,3512088,MCL,Y,1040
2026Q2,CA3310018,8500073,MCL,Y,1040
2026Q2,CA3000603,8000233,MCL,Y,1040
2026Q2,TX2440006,436685,MCL,Y,1040
2026Q2,DE0000295,694,MCL,Y,1040
2026Q2,ID6030058,3634,MCL,Y,1040
2026Q2,IA5600615,130385,MCL,Y,1040
2026Q2,IL2015360,1174390,MCL,Y,1040
2026Q2,IA6000744,122485,MCL,Y,1040
2026Q2,CA1300540,8314396,MCL,Y,1040
2026Q2,AZ0407030,1214781,MCL,Y,1040
2026Q2,CA5400667,8417659,MCL,Y,1040
2026Q2,IA5800601,1135082,MCL,Y,1040
2026Q2,TX0280017,1375680,MCL,Y,1040
2026Q2,IA7239086,13280,MCL,Y,1040
2026Q2,WA5396570,2573716,MCL,Y,1040
2026Q2,KS2014104,46380,MCL,Y,1040
2026Q2,CA5400709,8200136,MCL,Y,1040
2026Q2,IA2330452,923083,MCL,Y,1040
2026Q2,DE0000806,294,MCL,Y,1040
2026Q2,CA5410012,8300598,MCL,Y,1040
2026Q2,CA5410012,8400580,MCL,Y,1040
2026Q2,WA5304460,0478007,MCL,Y,1040
2026Q2,MI2003439,8615142,MCL,Y,1040
2026Q2,NY3201480,48981,MCL,Y,1040
2026Q2,CA4300575,8380097,MCL,Y,1040
2026Q2,IL1235145,3150295,MCL,Y,1040
2026Q2,AZ0411100,4376888,MCL,Y,1040
2026Q2,OK2004786,71596,MCL,Y,1040
2026Q2,PA7360172,8421266,MCL,Y,1040
2026Q2,CA5410012,9000177,MCL,Y,1040
2026Q2,CA3000513,8317980,MCL,Y,1040
2026Q2,CA4300792,8416469,MCL,Y,1040
2026Q2,CA3310037,8010151,MCL,Y,1040
2026Q2,IA9725094,11380,MCL,Y,1040
2026Q2,SC0930801,207587,MCL,Y,1040
2026Q2,IA3130863,14780,MCL,Y,1040
2026Q2,IA2330452,9011785,MCL,Y,1040
2026Q2,CA3310018,8400316,MCL,Y,1040
2026Q2,WA5351750,0886250,MCL,Y,1040
2026Q2,CA5700645,8417851,MCL,Y,1040
2026Q2,AZ0407098,1198882,MCL,Y,1040
2026Q2,PA7360083,8535418,MCL,Y,1040
2026Q2,CA3310037,8110089,MCL,Y,1040
2026Q2,KS2005116,47980,MCL,Y,1040
2026Q2,CA3000513,8413708,MCL,Y,1040
2026Q2,NY2513219,74783,MCL,Y,1040
2026Q2,IL1370250,1688290,MCL,Y,1040
2026Q2,NE3120191,101093,MCL,Y,1040
2026Q2,PA7360316,8310948,MCL,Y,1040
2026Q2,CA3310018,8300358,MCL,Y,1040
2026Q2,DE0000075,2296,MCL,Y,1040
2026Q2,DE0003303,7890,MCL,Y,1040
2026Q2,CA3700961,8522938,MCL,Y,1040
2026Q2,CA5400616,8417649,MCL,Y,1040
2026Q2,NE3120738,4698,MCL,Y,1040
2026Q2,CA4300575,8380101,MCL,Y,1040
2026Q2,MD0230206,8400035,MCL,Y,1040
2026Q2,KS2008701,8346283,MCL,Y,1040
2026Q2,IA3609897,1138082,MCL,Y,1040
2026Q2,IA1031201,37999,MCL,Y,1040
2026Q2,CA5601114,8417713,MCL,Y,1040
2026Q2,NH1278160,0800008,MCL,Y,1040
2026Q2,CA5000063,8417055,MCL,Y,1040
2026Q2,CA5602111,8631444,MCL,Y,1040
2026Q2,KS2015303,8345283,MCL,Y,1040
2026Q2,CA4300700,8200098,MCL,Y,1040
2026Q2,NV0000154,500680,MCL,Y,1040
2026Q2,AZ0403351,1442080,MCL,Y,1040
2026Q2,DE0000627,8491,MCL,Y,1040
2026Q2,CA3310044,8500083,MCL,Y,1040
2026Q2,WA5309677,0442156,MCL,Y,1040
2026Q2,CA4300785,8416457,MCL,Y,1040
2026Q2,CA5000102,8200112,MCL,Y,1040
2026Q2,PA3060822,8028941,MCL,Y,1040
2026Q2,DE0001303,6991,MCL,Y,1040
2026Q2,CA4300610,8200092,MCL,Y,1040
2026Q2,WA5309300,8280110,MCL,Y,1040
2026Q2,TX1520116,399,MCL,Y,1040
2026Q2,KS2016501,8246282,MCL,Y,1040
2026Q2,CA3400140,8380051,MCL,Y,1040
2026Q2,MI3920241,8615042,MCL,Y,1040
2026Q2,NE3150295,115694,MCL,Y,1040
2026Q2,DE0000075,2095,MCL,Y,1040
2026Q2,CA3700923,9044763,MCL,Y,1040
2026Q2,PA7360373,8421687,MCL,Y,1040
2026Q2,WA5307278,2593309,MCL,Y,1040
2026Q2,MT0002062,100781,MCL,Y,1040
2026Q2,CA5010006,8900543,MCL,Y,1040
2026Q2,WI1540136,0100006,MCL,Y,1040
2026Q2,CA2400003,8412511,MCL,Y,1040
2026Q2,KS2015905,8246682,MCL,Y,1040
2026Q2,TX1380006,4106092,MCL,Y,1040
2026Q2,NE3150624,100497,MCL,Y,1040
2026Q2,PA7360067,8606094,MCL,Y,1040
2026Q2,DE0000449,580,MCL,Y,1040
2026Q2,KS2005116,8344383,MCL,Y,1040
2026Q2,WA5349150,0822871,MCL,Y,1040
2026Q2,CA4310006,8400491,MCL,Y,1040
2026Q2,MT0000723,100581,MCL,Y,1040
2026Q2,CA4410303,8400507,MCL,Y,1040
2026Q2,KS2010504,7781,MCL,Y,1040
2026Q2,TX2440007,1005698,MCL,Y,1040
2026Q2,CA5410012,8900600,MCL,Y,1040
2026Q2,PA7360083,8318100,MCL,Y,1040
2026Q2,CA4310006,8300513,MCL,Y,1040
2026Q2,PA4070345,8538847,MCL,Y,1040
2026Q2,CA5400663,8417655,MCL,Y,1040
2026Q2,IA0709637,3199,MCL,Y,1040
2026Q2,CA1000077,8732009,MCL,Y,1040
2026Q2,KS2016307,47780,MCL,Y,1040
2026Q2,CA5700645,8380197,MCL,Y,1040
2026Q2,CA5410012,8900601,MCL,Y,1040
2026Q2,TX2210007,1401180,MCL,Y,1040
2026Q2,AZ0413076,129884,MCL,Y,1040
2026Q2,WA5365760,8383115,MCL,Y,1040
2026Q2,CA5400709,8417669,MCL,Y,1040
2026Q2,OK2002902,117994,MCL,Y,1040
2026Q2,KS2014102,8346483,MCL,Y,1040
2026Q2,NE3190001,203794,MCL,Y,1040
2026Q2,CA3310016,8400306,MCL,Y,1040
2026Q2,MI3920088,8615038,MCL,Y,1040
2026Q2,CA5100104,8328071,MCL,Y,1040
2026Q2,IA7349023,1137582,MCL,Y,1040
2026Q2,CA2400140,8412562,MCL,Y,1040
2026Q2,CA0710004,8300042,MCL,Y,1040
2026Q2,AZ0407107,41683,MCL,Y,1040
2026Q2,PA7360143,8030966,MCL,Y,1040
2026Q2,PA7361082,8921388,MCL,Y,1040
2026Q2,DE0000562,494,MCL,Y,1040
2026Q2,DE0001303,2791,MCL,Y,1040
2026Q2,PA7360135,8317262,MCL,Y,1040
2026Q2,DE0000041,16892,MCL,Y,1040
2026Q2,CA5601122,8417722,MCL,Y,1040
2026Q2,MI1220005,8615216,MCL,Y,1040
2026Q2,MD0220217,8400079,MCL,Y,1040
2026Q2,CA1000295,8632078,MCL,Y,1040
2026Q2,DE0000864,1094,MCL,Y,1040
2026Q2,MD1121061,8001057,MCL,Y,1040
2026Q2,CA1510013,8300082,MCL,Y,1040
2026Q2,DE0002541,7491,MCL,Y,1040
2026Q2,CA4200532,8200081,MCL,Y,1040
2026Q2,DE0000628,7590,MCL,Y,1040
2026Q2,DE0000157,4280,MCL,Y,1040
2026Q2,CA5410012,8400581,MCL,Y,1040
2026Q2,CA4300583,8380111,MCL,Y,1040
2026Q2,WY5600164,896,MCL,Y,1040
2026Q2,CA3702028,8380073,MCL,Y,1040
2026Q2,TX1650052,1246982,MCL,Y,1040
2026Q2,WA5353250,0584781,MCL,Y,1040
2026Q2,IA6920833,109585,MCL,Y,1040
2026Q2,AZ0407096,11882,MCL,Y,1040
2026Q2,IL3036970,3030103,MCL,Y,1040
2026Q2,DE0004525,1791,MCL,Y,1040
2026Q2,AZ0413316,3167692,MCL,Y,1040
2026Q2,ME0090390,43680,MCL,Y,1040
2026Q2,MI6220077,8615063,MCL,Y,1040
2026Q2,PA7360135,8030964,MCL,Y,1040
2026Q2,MO4212292,1214594,MCL,Y,1040
2026Q2,DE0000642,1380,MCL,Y,1040
2026Q2,IA5343200,9011185,MCL,Y,1040
2026Q2,KS2016701,8247982,MCL,Y,1040
2026Q2,KS2014103,8245982,MCL,Y,1040
2026Q2,DE0000449,681,MCL,Y,1040
2026Q2,CA3000513,8317978,MCL,Y,1040
2026Q2,CA4300931,17007,MCL,Y,1040
2026Q2,IL2015362,1174590,MCL,Y,1040
2026Q2,NC0392759,1031694,MCL,Y,1040
2026Q2,MI2004262,8615346,MCL,Y,1040
2026Q2,AZ0410007,369685,MCL,Y,1040
2026Q2,DE0000050,1280,MCL,Y,1040
2026Q2,CA4310006,8400496,MCL,Y,1040
2026Q2,KS2009504,47080,MCL,Y,1040
2026Q2,CA1500337,8100162,MCL,Y,1040
2026Q2,CA4400710,8200172,MCL,Y,1040
2026Q2,TX0680013,699,MCL,Y,1040
2026Q2,DE0001303,1393,MCL,Y,1040
2026Q2,CA3310018,8010129,MCL,Y,1040
2026Q2,WA5309300,8069089,MCL,Y,1040
2026Q2,CA3310010,8300338,MCL,Y,1040
2026Q2,WA5359317,2533244,MCL,Y,1040
2026Q2,DE0004525,7991,MCL,Y,1040
2026Q2,WI7640939,2300001,MCL,Y,1038
2026Q2,CT0860181,5183,MCL,Y,1040
2026Q2,NE3120197,36892,MCL,Y,1040
2026Q2,WA5309677,0303792,MCL,Y,1040
2026Q2,DE0000050,4181,MCL,Y,1040
2026Q2,CA3310044,8300384,MCL,Y,1040
2026Q2,PA3390819,8700730,MCL,Y,1040
2026Q2,WA5351724,0792128,MCL,Y,1040
2026Q2,KS2012701,44980,MCL,Y,1040
2026Q2,KS2001303,8345683,MCL,Y,1040
2026Q2,CA3310018,8300349,MCL,Y,1040
2026Q2,DE0000627,692,MCL,Y,1040
2026Q2,WA5352745,2583281,MCL,Y,1040
2026Q2,CA5500086,8200110,MCL,Y,1040
2026Q2,MD0002240,8000692,MCL,Y,1040
2026Q2,WA5323240,0419786,MCL,Y,1040
2026Q2,PA3060822,8028943,MCL,Y,1040
2026Q2,CA1000045,8100146,MCL,Y,1040
2026Q2,TX2440008,1253382,MCL,Y,1040
2026Q2,CA5700631,8417839,MCL,Y,1040
2026Q2,WI2670253,0000007,MCL,Y,1038
2026Q2,OR4101030,9999981,MCL,Y,1040
2026Q2,CA5100114,8841627,MCL,Y,1040
2026Q2,CA5410006,8110152,MCL,Y,1040
2026Q2,WA5390400,0361712,MCL,Y,1040
2026Q2,OR4101030,3225783,MCL,Y,1040
2026Q2,DE0000853,9590,MCL,Y,1040
2026Q2,DE0000397,3381,MCL,Y,1040
2026Q2,WA5349150,0922876,MCL,Y,1040
2026Q2,DE0000397,680,MCL,Y,1040
2026Q2,CA1900960,8635061,MCL,Y,1040
2026Q2,IA6015047,9011985,MCL,Y,1040
2026Q2,MD0220201,9710003,MCL,Y,1040
2026Q2,DE0000263,2580,MCL,Y,1040
2026Q2,CA0400066,900238,MCL,Y,1040
2026Q2,CA4800817,104009,MCL,Y,1040
2026Q2,WA5317734,8588892,MCL,Y,1040
2026Q2,NE3150118,36992,MCL,Y,1040
2026Q2,IA7945018,12780,MCL,Y,1040
2026Q2,WY5600164,396,MCL,Y,1040
2026Q2,NY5405798,49682,MCL,Y,1040
2026Q2,WA5349150,0622858,MCL,Y,1040
2026Q2,CA5603104,8634132,MCL,Y,1040
2026Q2,IA9725094,9007885,MCL,Y,1040
2026Q2,CA5410012,9000175,MCL,Y,1040
2026Q2,TX0130045,4100592,MCL,Y,1040
2026Q2,DE0000405,1881,MCL,Y,1040
2026Q2,MI0320047,8615285,MCL,Y,1040
2026Q2,ID2290057,1002,MCL,Y,1040
2026Q2,CA2700861,8413590,MCL,Y,1040
2026Q2,CA3701341,8380067,MCL,Y,1040
2026Q2,NE3150247,115194,MCL,Y,1040
2026Q2,KS2016120,8346883,MCL,Y,1040
2026Q2,PA7360143,8616284,MCL,Y,1040
2026Q2,IA6028081,9009685,MCL,Y,1040
2026Q2,WA5346442,0637332,MCL,Y,1040
2026Q2,DE0000263,7490,MCL,Y,1040
2026Q2,AZ0414492,1013381,MCL,Y,1040
2026Q2,AZ0413342,1151887,MCL,Y,1040
2026Q2,NY3201480,42682,MCL,Y,1040
2026Q2,DE0000806,395,MCL,Y,1040
2026Q2,MI1220005,8615020,MCL,Y,1040
2026Q2,CA1910127,8400144,MCL,Y,1040
2026Q2,TX2440001,436385,MCL,Y,1040
2026Q2,DE0000446,4981,MCL,Y,1040
2026Q2,PA7361334,8318549,MCL,Y,1040
2026Q2,KS2002707,45580,MCL,Y,1040
2026Q2,IA6028081,1136082,MCL,Y,1040
2026Q2,MD1121062,8200410,MCL,Y,1040
2026Q2,IA3643895,15580,MCL,Y,1040
2026Q2,CA4310006,8300516,MCL,Y,1040
2026Q2,DE0000619,1091,MCL,Y,1040
2026Q2,CA7300309,8635568,MCL,Y,1040
2026Q2,CA3701341,8522948,MCL,Y,1040
2026Q2,CA5102019,8630740,MCL,Y,1040
2026Q2,CA5410012,8900395,MCL,Y,1040
2026Q2,CT0480071,15680,MCL,Y,1040
2026Q2,MD0210208,8400061,MCL,Y,1040
2026Q2,DE0000944,2792,MCL,Y,1040
2026Q2,CA4300575,8380093,MCL,Y,1040
2026Q2,NY5730009,318,MCL,Y,1040
2026Q2,CA3701883,8631373,MCL,Y,1040
2026Q2,CA1000094,8732020,MCL,Y,1040
2026Q2,DE0000561,3881,MCL,Y,1040
2026Q2,NY3201480,601180,MCL,Y,1040
2026Q2,IA1535078,1136982,MCL,Y,1040
2026Q2,KS2009504,8248882,MCL,Y,1040
2026Q2,IA9715532,133685,MCL,Y,1040
2026Q2,OR4101030,1287783,MCL,Y,1040
2026Q2,CA4300700,8200169,MCL,Y,1040
2026Q2,CA5400596,8417641,MCL,Y,1040
2026Q2,WA5353250,0984801,MCL,Y,1040
2026Q2,WA5346442,0532516,MCL,Y,1040
2026Q2,IA3353746,148485,MCL,Y,1040
2026Q2,CA3000825,8000247,MCL,Y,1040
2026Q2,CA5410012,8908002,MCL,Y,1040
2026Q2,KS2012703,44881,MCL,Y,1040
2026Q2,DE0000293,11091,MCL,Y,1040
2026Q2,PA4440368,8012577,MCL,Y,1040
2026Q2,IL0015765,3206096,MCL,Y,1040
2026Q2,WA5342175,1127721,MCL,Y,1040
2026Q2,DE0000873,8090,MCL,Y,1040
2026Q2,KS2005301,45581,MCL,Y,1040
2026Q2,090605146,060514601104012026,MCL,Y,1040
2026Q2,DE0000075,1694,MCL,Y,1040
2026Q2,MI2022341,8615245,MCL,Y,1040
2026Q2,AZ0420140,208884,MCL,Y,1040
2026Q2,DE0000809,380,MCL,Y,1040
2026Q2,WA53AD658,2583420,MCL,Y,1040
2026Q2,CA1000077,8625902,MCL,Y,1040
2026Q2,DE0000307,6880,MCL,Y,1040
2026Q2,IA6529043,905983,MCL,Y,1040
2026Q2,NY5405798,49582,MCL,Y,1040
2026Q2,MI2008234,8615033,MCL,Y,1040
2026Q2,KS2015905,43980,MCL,Y,1040
2026Q2,CA5610067,8110186,MCL,Y,1040
2026Q2,IN2200267,3,MCL,Y,1040
2026Q2,CA5602106,8631438,MCL,Y,1040
2026Q2,WA5316150,0500459,MCL,Y,1040
2026Q2,TX1040003,1002198,MCL,Y,1040
2026Q2,CA5410012,8400578,MCL,Y,1040
2026Q2,DE0000293,20492,MCL,Y,1040
2026Q2,MI3920110,8615325,MCL,Y,1040
2026Q2,TX0440018,3000597,MCL,Y,1040
2026Q2,CA3600115,8633448,MCL,Y,1040
2026Q2,MI3920110,8715027,MCL,Y,1040
2026Q2,PA7360067,8510919,MCL,Y,1040
2026Q2,AZ0411038,172683,MCL,Y,1040
2026Q2,WA5346442,0614831,MCL,Y,1040
2026Q2,CA1510005,8300071,MCL,Y,1040
2026Q2,CA3702028,8633633,MCL,Y,1040
2026Q2,TX2440008,272588,MCL,Y,1040
2026Q2,CA5000338,8200126,MCL,Y,1040
2026Q2,CA2701159,8413666,MCL,Y,1040
2026Q2,DE0000063,1480,MCL,Y,1040
2026Q2,CA5100113,8635427,MCL,Y,1040
2026Q2,WA5338260,8484435,MCL,Y,1040
2026Q2,CA5601114,8417712,MCL,Y,1040
2026Q2,WA5314176,0421126,MCL,Y,1040
2026Q2,DE0000834,11591,MCL,Y,1040
2026Q2,CA1502066,9812011,MCL,Y,1040
2026Q2,NY5103268,24282,MCL,Y,1040
2026Q2,ID6040017,2136385,MCL,Y,1040
2026Q2,NE3107908,4089,MCL,Y,1040
2026Q2,WA5316150,0621399,MCL,Y,1040
2026Q2,MI3920088,8615234,MCL,Y,1040
2026Q2,DE0000947,13692,MCL,Y,1040
2026Q2,IN2200811,2531,MCL,Y,1040
2026Q2,DE0000050,4580,MCL,Y,1040
2026Q2,MI3920146,8615237,MCL,Y,1040
2026Q2,DE0001303,9290,MCL,Y,1040
2026Q2,CA3301474,8414668,MCL,Y,1040
2026Q2,MD0060207,8300035,MCL,Y,1040
2026Q2,TX1040004,410785,MCL,Y,1040
2026Q2,IA7735901,1137682,MCL,Y,1040
2026Q2,CT0480071,4180,MCL,Y,1040
2026Q2,MI6220077,8615168,MCL,Y,1040
2026Q2,PA1150851,8509563,MCL,Y,1040
2026Q2,IA3570037,13680,MCL,Y,1040
2026Q2,AZ0407138,311383,MCL,Y,1040
2026Q2,CT1350084,246706,MCL,Y,1041
2026Q2,TX2000002,1003296,MCL,Y,1040
2026Q2,IA5600615,13180,MCL,Y,1040
2026Q2,CA3310026,8500267,MCL,Y,1040
2026Q2,DE0000864,10191,MCL,Y,1040
2026Q2,IA7869801,89499,MCL,Y,1040
2026Q2,DE0000266,12890,MCL,Y,1040
2026Q2,DE0002305,7990,MCL,Y,1040
2026Q2,CA1900596,8412260,MCL,Y,1040
2026Q2,MI2028603,8615197,MCL,Y,1040
2026Q2,CA2700861,8413588,MCL,Y,1040
2026Q2,CA3301413,8200049,MCL,Y,1040
2026Q2,VA1077015,1597895,MCL,Y,1040
2026Q2,CA2701216,8413676,MCL,Y,1040
2026Q2,AZ0420419,210084,MCL,Y,1040
2026Q2,CA5400587,8417637,MCL,Y,1040
2026Q2,DE0000446,4780,MCL,Y,1040
2026Q2,OR4101030,9999982,MCL,Y,1040
2026Q2,OK2006029,21191,MCL,Y,1040
2026Q2,MI2007514,8715021,MCL,Y,1040
2026Q2,DE0000286,6990,MCL,Y,1040
2026Q2,KS2016701,45780,MCL,Y,1040
2026Q2,WA5395047,2573719,MCL,Y,1040
2026Q2,MI2005375,8615275,MCL,Y,1040
2026Q2,KS2004306,8344583,MCL,Y,1040
2026Q2,CA3310059,8700313,MCL,Y,1040
2026Q2,CA5400628,8380169,MCL,Y,1040
2026Q2,CA4300610,8200095,MCL,Y,1040
2026Q2,MD1211088,8001071,MCL,Y,1040
2026Q2,WA5304461,2588836,MCL,Y,1040
2026Q2,WA5364105,8484436,MCL,Y,1040
2026Q2,WA5315126,8588893,MCL,Y,1040
2026Q2,CA5601122,8417719,MCL,Y,1040
2026Q2,NE3120193,615,MCL,Y,1038
2026Q2,CA1510013,8300086,MCL,Y,1040
2026Q2,AZ0407001,3392388,MCL,Y,1040
2026Q2,AZ0411378,1720080,MCL,Y,1040
2026Q2,IA7869801,27499,MCL,Y,1040
2026Q2,KS2019118,10981,MCL,Y,1040
2026Q2,CA1510005,8210008,MCL,Y,1040
2026Q2,DE0000293,493,MCL,Y,1040
2026Q2,DE0004525,10992,MCL,Y,1040
2026Q2,WA5385129,0849609,MCL,Y,1040
2026Q2,MI2000608,8615011,MCL,Y,1040
2026Q2,CA3010046,8300250,MCL,Y,1040
2026Q2,IA8009563,14380,MCL,Y,1040
2026Q2,CA4300609,8416277,MCL,Y,1040
2026Q2,KS2004303,8343683,MCL,Y,1040
2026Q2,CA2400134,8412545,MCL,Y,1040
2026Q2,CA1510013,8110032,MCL,Y,1040
2026Q2,DE0002316,11990,MCL,Y,1040
2026Q2,CA5410012,8600424,MCL,Y,1040
2026Q2,ID6030045,9000784,MCL,Y,1040
2026Q2,CA4200514,8324750,MCL,Y,1040
2026Q2,IA9729099,9007985,MCL,Y,1040
2026Q2,CA2400134,8412547,MCL,Y,1040
2026Q2,DE0000627,9592,MCL,Y,1040
2026Q2,WA5309677,0409362,MCL,Y,1040
2026Q2,CA5610067,8010267,MCL,Y,1040
2026Q2,CA5100502,8380217,MCL,Y,1040
2026Q2,IA6000733,9010485,MCL,Y,1040
2026Q2,DE0000944,994,MCL,Y,1040
2026Q2,NY5103703,4985,MCL,Y,1040
2026Q2,SC1670217,207487,MCL,Y,1040
2026Q2,DE0000806,7794,MCL,Y,1040
2026Q2,AZ0410112,1326781,MCL,Y,1040
2026Q2,NC0496156,92680,MCL,Y,1040
2026Q2,TX1380006,416385,MCL,Y,1040
2026Q2,NY3201480,34188,MCL,Y,1040
2026Q2,AZ0407107,1215281,MCL,Y,1040
2026Q2,CA2400084,8316118,MCL,Y,1040
2026Q2,DE0000603,4191,MCL,Y,1040
2026Q2,MD0220002,89V0001,MCL,Y,1040
2026Q2,CA1000026,8100140,MCL,Y,1040
2026Q2,MD1161014,8001067,MCL,Y,1040
2026Q2,DE0000944,9692,MCL,Y,1040
2026Q2,MA3051018,11,MCL,Y,1040
2026Q2,CA3901244,8841497,MCL,Y,1040
2026Q2,IA1535078,12480,MCL,Y,1040
2026Q2,CA5410012,8300600,MCL,Y,1040
2026Q2,NY5105655,24182,MCL,Y,1040
2026Q2,CA1009080,8632187,MCL,Y,1040
2026Q2,IA0709637,92599,MCL,Y,1040
2026Q2,CA3301443,8414598,MCL,Y,1040
2026Q2,CT0181031,8744587,MCL,Y,1040
2026Q2,WA5309677,0257800,MCL,Y,1040
2026Q2,MI3920070,8615143,MCL,Y,1040
2026Q2,PA7360090,8408775,MCL,Y,1040
2026Q2,WA5309626,0268261,MCL,Y,1040
2026Q2,CA3610020,8400379,MCL,Y,1040
2026Q2,CA4200514,8000476,MCL,Y,1040
2026Q2,ID2290013,2135785,MCL,Y,1040
2026Q2,PA7360030,8317197,MCL,Y,1040
2026Q2,DE0000639,1581,MCL,Y,1040
2026Q2,KS2014102,43880,MCL,Y,1040
2026Q2,CA4300700,8200099,MCL,Y,1040
2026Q2,WA5309300,8588894,MCL,Y,1040
2026Q2,CA2701579,8413684,MCL,Y,1040
2026Q2,WA5302498,0259894,MCL,Y,1040
2026Q2,AZ0407166,221283,MCL,Y,1040
2026Q2,CA5410012,8400584,MCL,Y,1040
2026Q2,CA2702616,1600050,MCL,Y,1040
2026Q2,MI2018941,8615241,MCL,Y,1040
2026Q2,MT0002039,100681,MCL,Y,1040
2026Q2,MI3920001,8615231,MCL,Y,1040
2026Q2,MI2000608,8615298,MCL,Y,1040
2026Q2,DE0001316,9292,MCL,Y,1040
2026Q2,KS2019118,8346583,MCL,Y,1040
2026Q2,AZ0404001,1427980,MCL,Y,1040
2026Q2,TX1650008,426385,MCL,Y,1040
2026Q2,IA7048062,15380,MCL,Y,1040
2026Q2,CA5100114,8633914,MCL,Y,1040
2026Q2,KS2020106,45280,MCL,Y,1040
2026Q2,PA7360827,8028923,MCL,Y,1040
2026Q2,WA5301874,1474024,MCL,Y,1040
2026Q2,CA3310018,8300353,MCL,Y,1040
2026Q2,PA7360036,8505491,MCL,Y,1040
2026Q2,CA5102025,8630746,MCL,Y,1040
2026Q2,CA3310044,8300386,MCL,Y,1040
2026Q2,CA5400562,8417631,MCL,Y,1040
2026Q2,TX0390003,394985,MCL,Y,1040
2026Q2,DE0000627,12092,MCL,Y,1040
2026Q2,MI1220005,8615126,MCL,Y,1040
2026Q2,PA7670084,8401341,MCL,Y,1040
2026Q2,DE0001493,393,MCL,Y,1040
2026Q2,WA5353250,0984799,MCL,Y,1040
2026Q2,CA3301413,8522771,MCL,Y,1040
2026Q2,AZ0413097,1685980,MCL,Y,1040
2026Q2,CA4310006,8400495,MCL,Y,1040
2026Q2,IN2760918,1329,MCL,Y,1040
2026Q2,WA5301874,1171292,MCL,Y,1040
2026Q2,IA4316087,11480,MCL,Y,1040
2026Q2,CA5400628,8417651,MCL,Y,1040
2026Q2,TX2440001,1005598,MCL,Y,1040
2026Q2,CA5100112,8200128,MCL,Y,1040
2026Q2,OK2000602,101693,MCL,Y,1040
2026Q2,MI2011912,8615022,MCL,Y,1040
2026Q2,DE0001493,8993,MCL,Y,1040
2026Q2,AZ0407442,1122481,MCL,Y,1040
2026Q2,CA5602106,8630944,MCL,Y,1040
2026Q2,OK2005710,118694,MCL,Y,1040
2026Q2,CA5100113,8734582,MCL,Y,1040
2026Q2,DE0000286,8391,MCL,Y,1040
2026Q2,CA2400135,8412553,MCL,Y,1040
2026Q2,TX0390003,1222282,MCL,Y,1040
2026Q2,WA5301874,1259207,MCL,Y,1040
2026Q2,DE0000293,10291,MCL,Y,1040
2026Q2,DE0000528,5381,MCL,Y,1040
2026Q2,NC0326531,961394,MCL,Y,1040
2026Q2,MI2013939,8615329,MCL,Y,1040
2026Q2,OK2006059,29998,MCL,Y,1040
2026Q2,IA2279101,5599,MCL,Y,1040
2026Q2,DE0000627,3980,MCL,Y,1040
2026Q2,WA5325774,0447330,MCL,Y,1040
2026Q2,IL1435500,3157595,MCL,Y,1040
2026Q2,CA3000585,8100186,MCL,Y,1040
2026Q2,CA2700797,8413580,MCL,Y,1040
2026Q2,DE0000511,2380,MCL,Y,1040
2026Q2,WY5600164,796,MCL,Y,1040
2026Q2,CA2700996,8100172,MCL,Y,1040
2026Q2,NE3120189,5289,MCL,Y,1040
2026Q2,NY5907721,29085,MCL,Y,1040
2026Q2,WA5309677,0340071,MCL,Y,1040
2026Q2,CA3400157,8380053,MCL,Y,1040
2026Q2,WA5319910,0259905,MCL,Y,1040
2026Q2,CA3310018,8400325,MCL,Y,1040
2026Q2,AZ0420559,1274581,MCL,Y,1040
2026Q2,MD0060207,8300105,MCL,Y,1040
2026Q2,TX1040004,1002298,MCL,Y,1040
2026Q2,WA5342175,1259163,MCL,Y,1040
2026Q2,CA4300759,8416387,MCL,Y,1040
2026Q2,CA4300700,8380145,MCL,Y,1040
2026Q2,CA5000069,8200106,MCL,Y,1040
2026Q2,MD0220201,9811741,MCL,Y,1040
2026Q2,CA5500147,8380173,MCL,Y,1040
2026Q2,WA5349650,8280117,MCL,Y,1040
2026Q2,MI2018941,8615152,MCL,Y,1040
2026Q2,DE0000303,6780,MCL,Y,1040
2026Q2,DE0000600,397,MCL,Y,1040
2026Q2,OK2004423,1V89,MCL,Y,1040
2026Q2,CA3700961,8522937,MCL,Y,1040
2026Q2,PA7210060,8421239,MCL,Y,1040
2026Q2,DE0001303,5691,MCL,Y,1040
2026Q2,PA3390480,8610120,MCL,Y,1040
2026Q2,IA2115029,9012085,MCL,Y,1040
2026Q2,CA5601114,8332164,MCL,Y,1040
2026Q2,CA2700797,8200034,MCL,Y,1040
2026Q2,CA2700946,8413614,MCL,Y,1040
2026Q2,WA5314176,0448268,MCL,Y,1040
2026Q2,DE0000286,1294,MCL,Y,1040
2026Q2,DE0002316,18892,MCL,Y,1040
2026Q2,WA5301874,1569701,MCL,Y,1040
2026Q2,CA5601122,8332171,MCL,Y,1040
2026Q2,MI1320203,8615310,MCL,Y,1040
2026Q2,CA4200514,8416099,MCL,Y,1040
2026Q2,CA3600455,1400001,MCL,Y,1040
2026Q2,DE0001598,7591,MCL,Y,1040
2026Q2,PA3480407,8029015,MCL,Y,1040
2026Q2,AZ0407312,1442580,MCL,Y,1040
2026Q2,TX2430005,4115292,MCL,Y,1040
2026Q2,TX0120001,499,MCL,Y,1040
2026Q2,WI4590458,8000009,MCL,Y,1040
2026Q2,CA1510013,8300088,MCL,Y,1040
2026Q2,MI0820074,8615117,MCL,Y,1040
2026Q2,NJ0805443,704,MCL,Y,1040
2026Q2,TX1040005,1387280,MCL,Y,1040
2026Q2,NM3594313,249780,MCL,Y,1040
2026Q2,TX2330020,3005097,MCL,Y,1040
2026Q2,NJ1710306,1140581,MCL,Y,1040
2026Q2,NY3706584,60282,MCL,Y,1040
2026Q2,IA7349023,218383,MCL,Y,1040
2026Q2,DE0000831,1880,MCL,Y,1040
2026Q2,CA3310010,8110081,MCL,Y,1040
2026Q2,DE0000202,5180,MCL,Y,1040
2026Q2,CA3310016,8300339,MCL,Y,1040
2026Q2,NJ1714324,1211,MCL,Y,1040
2026Q2,IA0709637,79799,MCL,Y,1040
2026Q2,ID5420063,4000383,MCL,Y,1040
2026Q2,MI3420073,8615226,MCL,Y,1040
2026Q2,AZ0420045,263485,MCL,Y,1040
2026Q2,DE0000408,6380,MCL,Y,1040
2026Q2,KS2017348,94,MCL,Y,1040
2026Q2,CA3900598,8415966,MCL,Y,1040
2026Q2,CA5000328,8200123,MCL,Y,1040
2026Q2,MI2013939,8615239,MCL,Y,1040
2026Q2,IA9725094,1135182,MCL,Y,1040
2026Q2,CA5602114,8634127,MCL,Y,1040
2026Q2,TX1380006,1237782,MCL,Y,1040
2026Q2,PA7360358,8030545,MCL,Y,1040
2026Q2,DE0000944,9390,MCL,Y,1040
2026Q2,CA3700961,8633564,MCL,Y,1040
2026Q2,CA0706043,8410397,MCL,Y,1040
2026Q2,CA1000241,8631082,MCL,Y,1040
2026Q2,CA2700503,8100179,MCL,Y,1040
2026Q2,MI2005575,8615360,MCL,Y,1040
2026Q2,CA5102016,8630735,MCL,Y,1040
2026Q2,CA5100113,8734581,MCL,Y,1040
2026Q2,CA5410012,8300595,MCL,Y,1040
2026Q2,TX2460020,1404280,MCL,Y,1040
2026Q2,DE0002598,8390,MCL,Y,1040
2026Q2,KS2001302,46880,MCL,Y,1040
2026Q2,KS2014103,8343583,MCL,Y,1040
2026Q2,NY3201480,301080,MCL,Y,1040
2026Q2,AZ0407428,2077589,MCL,Y,1040
2026Q2,CA3610049,8300449,MCL,Y,1040
2026Q2,CA1510005,8300076,MCL,Y,1040
2026Q2,CA1800572,8412135,MCL,Y,1040
2026Q2,WA5325774,0433093,MCL,Y,1040
2026Q2,FL3640968,8000017,MCL,Y,1040
2026Q2,PA5650808,8421607,MCL,Y,1040
2026Q2,SD4600156,8010712,MCL,Y,1040
2026Q2,MI3920088,8615144,MCL,Y,1040
2026Q2,CA5602114,8000550,MCL,Y,1040
2026Q2,CA5101013,8630728,MCL,Y,1040
2026Q2,DE0000164,797,MCL,Y,1040
2026Q2,MD1121049,8001059,MCL,Y,1040
2026Q2,CA5410012,8400582,MCL,Y,1040
2026Q2,IA0790702,9009985,MCL,Y,1040
2026Q2,SC0930801,259487,MCL,Y,1040
2026Q2,CA4300610,8200166,MCL,Y,1040
2026Q2,MD1201040,9810001,MCL,Y,1040
2026Q2,CA4310006,8300511,MCL,Y,1040
2026Q2,WA5309701,2566610,MCL,Y,1040
2026Q2,MI2008234,8886016,MCL,Y,1040
2026Q2,CA2700619,8100183,MCL,Y,1040
2026Q2,CA2600512,8521714,MCL,Y,1040
2026Q2,OK2005710,52295,MCL,Y,1040
2026Q2,ID6030045,5031982,MCL,Y,1040
2026Q2,MI3920001,8615321,MCL,Y,1040
2026Q2,IA9753869,123585,MCL,Y,1040
2026Q2,CA3700961,8200075,MCL,Y,1040
2026Q2,CA5400682,8417663,MCL,Y,1040
2026Q2,CA1510005,8300069,MCL,Y,1040
2026Q2,VA1077015,1597795,MCL,Y,1040
2026Q2,MI2001861,8615341,MCL,Y,1040
2026Q2,MI2007514,8615311,MCL,Y,1040
2026Q2,AZ0402033,2956090,MCL,Y,1040
2026Q2,KS2005116,20881,MCL,Y,1040
2026Q2,ID2290057,902,MCL,Y,1040
2026Q2,AZ0402391,1212981,MCL,Y,1040
2026Q2,CA5700645,8380199,MCL,Y,1040
2026Q2,TX1650010,290,MCL,Y,1040
2026Q2,PA7360921,8323341,MCL,Y,1040
2026Q2,AZ0407096,1120981,MCL,Y,1040
2026Q2,PA7360871,8318545,MCL,Y,1040
2026Q2,CA5410012,8900602,MCL,Y,1040
2026Q2,MT0001540,35180,MCL,Y,1040
2026Q2,NY3201480,35390,MCL,Y,1040
2026Q2,CA5700718,8380201,MCL,Y,1040
2026Q2,TX1520138,104202,MCL,Y,1040
2026Q2,DE0000075,2697,MCL,Y,1040
2026Q2,AZ0407357,301,MCL,Y,1040
2026Q2,KS2002703,8344683,MCL,Y,1040
2026Q2,OK7005507,1V90,MCL,Y,1040
2026Q2,KS2009505,32681,MCL,Y,1040
2026Q2,ARN000126,423895,MCL,Y,1040
2026Q2,IA0858911,14580,MCL,Y,1040
2026Q2,CA1000028,8631998,MCL,Y,1040
2026Q2,WA5368350,8484440,MCL,Y,1040
2026Q2,WA5342175,1149827,MCL,Y,1040
2026Q2,CA2701105,8413650,MCL,Y,1040
2026Q2,CA3310044,8400363,MCL,Y,1040
2026Q2,MD1231176,6,MCL,Y,1040
2026Q2,KY0532233,5240888,MCL,Y,1040
2026Q2,MI2018941,8615331,MCL,Y,1040
2026Q2,MI3420017,8615318,MCL,Y,1040
2026Q2,AZ0420559,376084,MCL,Y,1040
2026Q2,ARN000121,420396,MCL,Y,1040
2026Q2,CA2701160,8413670,MCL,Y,1040
2026Q2,CA4310006,8400498,MCL,Y,1040
2026Q2,WA5314131,8588896,MCL,Y,1040
2026Q2,WA5388990,8280116,MCL,Y,1040
2026Q2,PA7360826,8323310,MCL,Y,1040
2026Q2,CA3310044,8400362,MCL,Y,1040
2026Q2,MI3920146,8615327,MCL,Y,1040
2026Q2,AZ0410121,1451280,MCL,Y,1040
2026Q2,IA8114000,11580,MCL,Y,1040
2026Q2,CA1510013,8300085,MCL,Y,1040
2026Q2,PA7361074,8602305,MCL,Y,1040
2026Q2,NE3150332,1989,MCL,Y,1040
2026Q2,IA3118436,113285,MCL,Y,1040
2026Q2,CA3310037,8010155,MCL,Y,1040
2026Q2,CA3310018,8400322,MCL,Y,1040
2026Q2,PA7360813,8012428,MCL,Y,1040
2026Q2,CA3600115,8635252,MCL,Y,1040
2026Q2,TX1080090,1276183,MCL,Y,1040
2026Q2,OK2004786,27698,MCL,Y,1040
2026Q2,CA1400083,8200014,MCL,Y,1040
2026Q2,DE0000627,12490,MCL,Y,1040
2026Q2,CA3310018,8600364,MCL,Y,1040
2026Q2,AZ0407096,1267880,MCL,Y,1040
2026Q2,MI2007875,8615362,MCL,Y,1040
2026Q2,CA4200514,8416107,MCL,Y,1040
2026Q2,CA5000128,8200114,MCL,Y,1040
2026Q2,WA5349150,0822870,MCL,Y,1040
2026Q2,CA3310018,8400319,MCL,Y,1040
2026Q2,CA3301369,8200147,MCL,Y,1040
2026Q2,WA5396535,2573717,MCL,Y,1040
2026Q2,WY5600164,1096,MCL,Y,1040
2026Q2,CA5400599,8417647,MCL,Y,1040
2026Q2,CA5602111,8630961,MCL,Y,1040
2026Q2,ID6030048,5031782,MCL,Y,1040
2026Q2,DE0000642,881,MCL,Y,1040
2026Q2,CA5100504,8380163,MCL,Y,1040
2026Q2,WA5314176,0257909,MCL,Y,1040
2026Q2,DE0000075,2196,MCL,Y,1040
2026Q2,OK2005756,96393,MCL,Y,1040
2026Q2,CA5400559,8417623,MCL,Y,1040
2026Q2,CA3310018,8010130,MCL,Y,1040
2026Q2,CA1000241,8520268,MCL,Y,1040
2026Q2,DE0000269,480,MCL,Y,1040
2026Q2,CA3600115,8635251,MCL,Y,1040
2026Q2,DE0004525,996,MCL,Y,1040
2026Q2,CA3701341,8380065,MCL,Y,1040
2026Q2,CA1510005,8110030,MCL,Y,1040
2026Q2,PA7360830,8020245,MCL,Y,1040
2026Q2,NC0326523,92980,MCL,Y,1040
2026Q2,IL1435650,3157695,MCL,Y,1040
2026Q2,VA1077015,1597595,MCL,Y,1040
2026Q2,TX2460020,437685,MCL,Y,1040
2026Q2,MT0000511,34880,MCL,Y,1040
2026Q2,DE0000864,3392,MCL,Y,1040
2026Q2,CA4300610,8380125,MCL,Y,1040
2026Q2,MI7520087,8615087,MCL,Y,1040
2026Q2,CA4300700,8380139,MCL,Y,1040
2026Q2,CA3310044,8110092,MCL,Y,1040
2026Q2,KS2004303,14181,MCL,Y,1040
2026Q2,DE0000294,381,MCL,Y,1040
2026Q2,IA9766041,9010785,MCL,Y,1040
2026Q2,TX2000002,1003396,MCL,Y,1040
2026Q2,CA3610020,8400381,MCL,Y,1040
2026Q2,NY5103262,23982,MCL,Y,1040
2026Q2,WA5395047,2686116,MCL,Y,1040
2026Q2,WA5300119,0435606,MCL,Y,1040
2026Q2,CA5602111,8631441,MCL,Y,1040
2026Q2,DE0000075,3098,MCL,Y,1040
2026Q2,OR4101030,2225383,MCL,Y,1040
2026Q2,CA4400615,8416677,MCL,Y,1040
2026Q2,IA2279101,40199,MCL,Y,1040
2026Q2,WA5309701,2674158,MCL,Y,1040
2026Q2,PA7220324,8510195,MCL,Y,1040
2026Q2,CA4310006,8400488,MCL,Y,1040
2026Q2,TX1650035,3004798,MCL,Y,1040
2026Q2,CA5602114,8525377,MCL,Y,1040
2026Q2,WA5342175,1213700,MCL,Y,1040
2026Q2,MD1071177,8200406,MCL,Y,1040
2026Q2,CA3900794,9044774,MCL,Y,1040
2026Q2,IA2383789,1137882,MCL,Y,1040
2026Q2,MI2017303,8615004,MCL,Y,1040
2026Q2,PA7360083,8609625,MCL,Y,1040
2026Q2,CA2400084,8316117,MCL,Y,1040
2026Q2,KS2020110,7181,MCL,Y,1040
2026Q2,CA3000513,8413706,MCL,Y,1040
2026Q2,CA5602114,8380189,MCL,Y,1040
2026Q2,DE0000806,12194,MCL,Y,1040
2026Q2,AZ0410049,1071180,MCL,Y,1040
2026Q2,TX1500038,1239082,MCL,Y,1040
2026Q2,CA3010006,8010090,MCL,Y,1040
2026Q2,CA5100104,8524387,MCL,Y,1040
2026Q2,MI2003439,8615280,MCL,Y,1040
2026Q2,CA5700645,8100267,MCL,Y,1040
2026Q2,DE0001493,898,MCL,Y,1040
2026Q2,MD1220017,8200433,MCL,Y,1040
2026Q2,PA7360091,8318110,MCL,Y,1040
2026Q2,AZ0407096,1267781,MCL,Y,1040
2026Q2,MD0060216,9610001,MCL,Y,1040
2026Q2,CA5100113,8524402,MCL,Y,1040
2026Q2,NY2622049,495,MCL,Y,1040
2026Q2,IA6529043,9010085,MCL,Y,1040
2026Q2,MO1010489,902482,MCL,Y,1040
2026Q2,IA0115042,9007485,MCL,Y,1040
2026Q2,MI2017303,8615104,MCL,Y,1040
2026Q2,IA0709207,9018585,MCL,Y,1040
2026Q2,MD1151056,8001065,MCL,Y,1040
2026Q2,PA7360444,8323282,MCL,Y,1040
2026Q2,DE0000406,10481,MCL,Y,1040
2026Q2,TX0870003,4104492,MCL,Y,1040
2026Q2,OK2002428,26496,MCL,Y,1040
2026Q2,AZ0407063,1323981,MCL,Y,1040
2026Q2,AZ0413408,1634981,MCL,Y,1040
2026Q2,CA0706060,8410563,MCL,Y,1040
2026Q2,KS2004112,47481,MCL,Y,1040
2026Q2,CA2700994,8413630,MCL,Y,1040
2026Q2,CA3000605,8633230,MCL,Y,1040
2026Q2,AZ0404062,1577181,MCL,Y,1040
2026Q2,CA3000513,8413704,MCL,Y,1040
2026Q2,AZ0407146,80384,MCL,Y,1040
2026Q2,CA4410303,8400503,MCL,Y,1040
2026Q2,TX2000002,3002595,MCL,Y,1040
2026Q2,TX0900002,257888,MCL,Y,1040
2026Q2,CA5010011,8900547,MCL,Y,1040
2026Q2,WA5370770,8069080,MCL,Y,1040
2026Q2,CA1910062,8400129,MCL,Y,1040
2026Q2,PA7360030,8413566,MCL,Y,1040
2026Q2,DE0001600,7390,MCL,Y,1040
2026Q2,PA7360315,8318117,MCL,Y,1040
2026Q2,AZ0411036,5474,MCL,Y,1040
2026Q2,CA4300700,8200168,MCL,Y,1040
2026Q2,CA0706043,8410399,MCL,Y,1040
2026Q2,WA5314176,0337655,MCL,Y,1040
2026Q2,CA5102021,8630743,MCL,Y,1040
2026Q2,MI0320047,8615003,MCL,Y,1040
2026Q2,CA3900983,8415976,MCL,Y,1040
2026Q2,MD1031230,8200392,MCL,Y,1040
2026Q2,CA1502253,219009,MCL,Y,1040
2026Q2,CA3600021,8200157,MCL,Y,1040
2026Q2,CA3310016,8400308,MCL,Y,1040
2026Q2,WA5371290,0475158,MCL,Y,1040
2026Q2,TX1520142,4109392,MCL,Y,1040
2026Q2,CA3310016,8300346,MCL,Y,1040
2026Q2,CA3310016,8400311,MCL,Y,1040
2026Q2,WA5343400,8810915,MCL,Y,1040
2026Q2,TX2170002,4114092,MCL,Y,1040
2026Q2,CA5800851,8380213,MCL,Y,1040
2026Q2,CA3301737,8380047,MCL,Y,1040
2026Q2,WA5326445,1225534,MCL,Y,1040
2026Q2,TX0280017,300100,MCL,Y,1040
2026Q2,FL3354915,97V0001,MCL,Y,1040
2026Q2,CA3310033,8300382,MCL,Y,1040
2026Q2,PA7360830,8020258,MCL,Y,1040
2026Q2,CA2701947,8413694,MCL,Y,1040
2026Q2,WA5314176,0478206,MCL,Y,1040
2026Q2,NY4900686,47487,MCL,Y,1040
2026Q2,KS2016713,8247182,MCL,Y,1040
2026Q2,WA5301874,1213691,MCL,Y,1040
2026Q2,MI2006864,8715007,MCL,Y,1040
2026Q2,OK2005756,48194,MCL,Y,1040
2026Q2,NH2545060,1500046,MCL,Y,1040
2026Q2,DE0000487,1491,MCL,Y,1040
2026Q2,NM3512007,67980,MCL,Y,1040
2026Q2,CA2410006,8400192,MCL,Y,1040
2026Q2,WA5349150,0922875,MCL,Y,1040
2026Q2,PA7360090,8504800,MCL,Y,1040
2026Q2,CA3000513,8413707,MCL,Y,1040
2026Q2,IA3218801,9009885,MCL,Y,1040
2026Q2,DE0002541,11590,MCL,Y,1040
2026Q2,FL6514884,20040011230,MCL,Y,1040
2026Q2,IA7048732,1138482,MCL,Y,1040
2026Q2,MI2015634,8615032,MCL,Y,1040
2026Q2,KS2014914,8347283,MCL,Y,1040
2026Q2,IA7341059,1136782,MCL,Y,1040
2026Q2,PA7380327,8505501,MCL,Y,1040
2026Q2,IA6668001,13380,MCL,Y,1040
2026Q2,OK2002428,46596,MCL,Y,1040
2026Q2,ID2350031,2135685,MCL,Y,1040
2026Q2,WA5326200,0667612,MCL,Y,1040
2026Q2,CA3301740,8200062,MCL,Y,1040
2026Q2,KS2014105,33681,MCL,Y,1040
2026Q2,CA3310044,8500084,MCL,Y,1040
2026Q2,WI4240225,83V0001,MCL,Y,1040
2026Q2,WA5301675,8280115,MCL,Y,1040
2026Q2,CA3301740,8200061,MCL,Y,1040
2026Q2,CA3310010,8110082,MCL,Y,1040
2026Q2,DE0000063,5280,MCL,Y,1040
2026Q2,DE0000263,13090,MCL,Y,1040
2026Q2,CA5410012,8908001,MCL,Y,1040
2026Q2,CA5400559,8417625,MCL,Y,1040
2026Q2,DE0000947,4592,MCL,Y,1040
2026Q2,MD0220002,8400034,MCL,Y,1040
2026Q2,CA1510005,8300074,MCL,Y,1040
2026Q2,KS2001307,8346983,MCL,Y,1040
2026Q2,CA4410303,8400502,MCL,Y,1040
2026Q2,CA3310044,8500085,MCL,Y,1040
2026Q2,IA2330452,1137782,MCL,Y,1040
2026Q2,NY4118262,57382,MCL,Y,1040
2026Q2,AZ0402073,1265581,MCL,Y,1040
2026Q2,TX1650009,1246082,MCL,Y,1040
2026Q2,CA3310018,8300357,MCL,Y,1040
2026Q2,CA1300540,8411152,MCL,Y,1040
2026Q2,CA3000513,8317981,MCL,Y,1040
2026Q2,CA3310044,8300387,MCL,Y,1040
2026Q2,CA4200514,8416104,MCL,Y,1040
2026Q2,SC4670242,207687,MCL,Y,1040
2026Q2,TX0440001,2000397,MCL,Y,1040
2026Q2,WA5342175,1281604,MCL,Y,1040
2026Q2,CA1510013,8300091,MCL,Y,1040
2026Q2,PA7220314,8012568,MCL,Y,1040
2026Q2,CA1400022,8200007,MCL,Y,1040
2026Q2,DE0000852,39481,MCL,Y,1040
2026Q2,WA5302400,8383102,MCL,Y,1040
2026Q2,MI2000830,8615133,MCL,Y,1040
2026Q2,PA7670009,8509380,MCL,Y,1040
2026Q2,DE0003303,5093,MCL,Y,1040
2026Q2,TX1650010,1246382,MCL,Y,1040
2026Q2,CA1000002,8100142,MCL,Y,1040
2026Q2,CA3310044,8900345,MCL,Y,1040
2026Q2,CA2400140,8412560,MCL,Y,1040
2026Q2,SC4360008,4839210,MCL,Y,1040
2026Q2,CA2400122,8521701,MCL,Y,1040
2026Q2,TX0390019,4102292,MCL,Y,1040
2026Q2,CA5102017,8630738,MCL,Y,1040
2026Q2,IA9700630,1136382,MCL,Y,1040
2026Q2,CA3301365,8200145,MCL,Y,1040
2026Q2,CA4200560,8324760,MCL,Y,1040
2026Q2,AZ0407650,258286,MCL,Y,1040
2026Q2,DE0001303,17992,MCL,Y,1040
2026Q2,IA2307201,9019585,MCL,Y,1040
2026Q2,CA4200514,8416106,MCL,Y,1040
2026Q2,CA4200867,8324796,MCL,Y,1040
2026Q2,CA5602114,8417771,MCL,Y,1040
2026Q2,TX1380011,1237882,MCL,Y,1040
2026Q2,IA0709637,24799,MCL,Y,1040
2026Q2,DE0000041,24093,MCL,Y,1040
2026Q2,ND4510253,300582,MCL,Y,1040
2026Q2,MI2015634,8615229,MCL,Y,1040
2026Q2,CA5410012,8300599,MCL,Y,1040
2026Q2,TX1380011,416485,MCL,Y,1040
2026Q2,CA1300540,8314400,MCL,Y,1040
2026Q2,CA1510013,8300081,MCL,Y,1040
2026Q2,CA5400724,8417673,MCL,Y,1040
2026Q2,DE0000446,980,MCL,Y,1040
2026Q2,WA5314176,0257912,MCL,Y,1040
2026Q2,SC4670242,111486,MCL,Y,1040
2026Q2,ID5420063,5031882,MCL,Y,1040
2026Q2,DE0000947,5591,MCL,Y,1040
2026Q2,DE0000944,4492,MCL,Y,1040
2026Q2,DE0000408,4681,MCL,Y,1040
2026Q2,TX1860013,270088,MCL,Y,1040
2026Q2,DE0000853,2591,MCL,Y,1040
2026Q2,PA7360171,8535779,MCL,Y,1040
2026Q2,IA6000744,14686,MCL,Y,1040
2026Q2,CA5602111,8630964,MCL,Y,1040
2026Q2,AZ0407088,3496590,MCL,Y,1040
2026Q2,PA7670084,8539486,MCL,Y,1040
2026Q2,WA5316001,8383114,MCL,Y,1040
2026Q2,CA2400084,8316121,MCL,Y,1040
2026Q2,DE0004525,10092,MCL,Y,1040
2026Q2,MT0000757,35380,MCL,Y,1040
2026Q2,CA5410012,8300602,MCL,Y,1040
2026Q2,CA2701037,8413640,MCL,Y,1040
2026Q2,CA3600019,8100211,MCL,Y,1040
2026Q2,WA5388990,8484438,MCL,Y,1040
2026Q2,MI3420073,8615029,MCL,Y,1040
2026Q2,CA4300575,8200085,MCL,Y,1040
2026Q2,CA3301413,8200148,MCL,Y,1040
2026Q2,NY4900686,13586,MCL,Y,1040
2026Q2,WI1141376,2600002,MCL,Y,1038
2026Q2,WA5301874,1469957,MCL,Y,1040
2026Q2,AZ0407096,1268180,MCL,Y,1040
2026Q2,CA4300583,8380107,MCL,Y,1040
2026Q2,CA5100113,8635430,MCL,Y,1040
2026Q2,CA2701180,8200040,MCL,Y,1040
2026Q2,CA5102015,8630733,MCL,Y,1040
2026Q2,CA3310010,8300331,MCL,Y,1040
2026Q2,CA2710007,8600035,MCL,Y,1040
2026Q2,ID2290057,242302,MCL,Y,1040
2026Q2,MI2008962,8615255,MCL,Y,1040
2026Q2,CA3610020,8400380,MCL,Y,1040
2026Q2,DE0000947,2691,MCL,Y,1040
2026Q2,WA5315477,8150406,MCL,Y,1040
2026Q2,DE0000944,6992,MCL,Y,1040
2026Q2,TX1650005,3004698,MCL,Y,1040
2026Q2,TX0150396,1220382,MCL,Y,1040
2026Q2,TX0960014,87386,MCL,Y,1040
2026Q2,CA4300792,8416473,MCL,Y,1040
2026Q2,NY4900686,23585,MCL,Y,1040
2026Q2,CA5601122,8332173,MCL,Y,1040
2026Q2,CA2400134,8412549,MCL,Y,1040
2026Q2,SD4607007,8011902,MCL,Y,1040
2026Q2,OK2004786,25495,MCL,Y,1040
2026Q2,CA3900729,8415972,MCL,Y,1040
2026Q2,TX2440008,1403480,MCL,Y,1040
2026Q2,ID2350031,9000284,MCL,Y,1040
2026Q2,WA53AB974,2604844,MCL,Y,1040
2026Q2,CA5603104,8634131,MCL,Y,1040
2026Q2,CA3600455,1400005,MCL,Y,1040
2026Q2,CA5102025,8630747,MCL,Y,1040
2026Q2,PA3540466,8318257,MCL,Y,1040
2026Q2,CA3900654,8415968,MCL,Y,1040
2026Q2,OK2003311,49794,MCL,Y,1040
2026Q2,TX0390003,253988,MCL,Y,1040
2026Q2,CA2701180,8200041,MCL,Y,1040
2026Q2,CA3400140,8200067,MCL,Y,1040
2026Q2,CA3310016,8400307,MCL,Y,1040
2026Q2,NE3150210,10790,MCL,Y,1040
2026Q2,CA1500497,8100153,MCL,Y,1040
2026Q2,CA2400135,8412550,MCL,Y,1040
2026Q2,KS2020110,44280,MCL,Y,1040
2026Q2,CA3701341,8380063,MCL,Y,1040
2026Q2,IA2909905,6985,MCL,Y,1040
2026Q2,MD1071177,8200405,MCL,Y,1040
2026Q2,WA5320142,0609862,MCL,Y,1040
2026Q2,WA5301874,1281539,MCL,Y,1040
2026Q2,PA7360162,8510232,MCL,Y,1040
2026Q2,CA4300583,8380115,MCL,Y,1040
2026Q2,CA3310010,8010122,MCL,Y,1040
2026Q2,CA4200514,8324752,MCL,Y,1040
2026Q2,PA7360399,8323265,MCL,Y,1040
2026Q2,PA7671314,8420778,MCL,Y,1040
2026Q2,CA5601114,8380177,MCL,Y,1040
2026Q2,NH1468050,0800043,MCL,Y,1040
2026Q2,WA5309677,0409359,MCL,Y,1040
2026Q2,NE3150324,115494,MCL,Y,1040
2026Q2,CA3600455,1400003,MCL,Y,1040
2026Q2,TX1650010,1397780,MCL,Y,1040
2026Q2,WA5396100,8280108,MCL,Y,1040
2026Q2,IA7580011,9011085,MCL,Y,1040
2026Q2,CA3310016,8300341,MCL,Y,1040
2026Q2,MD0130206,8501729,MCL,Y,1040
2026Q2,KS2004301,8346783,MCL,Y,1040
2026Q2,MN5180284,7809,MCL,Y,1040
2026Q2,IA4703068,9007285,MCL,Y,1040
2026Q2,CA3310010,8210030,MCL,Y,1040
2026Q2,CA3000513,8413705,MCL,Y,1040
2026Q2,IA4709090,10880,MCL,Y,1040
2026Q2,CA1000094,8632018,MCL,Y,1040
2026Q2,CA3310016,8400309,MCL,Y,1040
2026Q2,OR4101030,7253080,MCL,Y,1040
2026Q2,CA1510013,8400078,MCL,Y,1040
2026Q2,WA5314176,8069090,MCL,Y,1040
2026Q2,MD1071013,8200402,MCL,Y,1040
2026Q2,CA5400819,8417689,MCL,Y,1040
2026Q2,MD1151054,8200423,MCL,Y,1040
2026Q2,AZ0407388,1444980,MCL,Y,1040
2026Q2,DE0004525,14892,MCL,Y,1040
2026Q2,DE0000562,9693,MCL,Y,1040
2026Q2,CA3310016,8400302,MCL,Y,1040
2026Q2,PA7360030,8505489,MCL,Y,1040
2026Q2,CA5100104,8200177,MCL,Y,1040
2026Q2,WA53AB441,2555583,MCL,Y,1040
2026Q2,MI2030475,2030171,MCL,Y,1040
2026Q2,TX0780013,257588,MCL,Y,1040
2026Q2,PA7280894,9236936,MCL,Y,1040
2026Q2,WA5366350,8383113,MCL,Y,1040
2026Q2,MI2007514,8615131,MCL,Y,1040
2026Q2,MI2004712,8615021,MCL,Y,1040
2026Q2,DE0000075,2496,MCL,Y,1040
2026Q2,TX2210007,1145881,MCL,Y,1040
2026Q2,CA5100113,8524401,MCL,Y,1040
2026Q2,MD0060217,8400057,MCL,Y,1040
2026Q2,DE0000294,880,MCL,Y,1040
2026Q2,TX0780013,1230782,MCL,Y,1040
2026Q2,CA5100114,8942537,MCL,Y,1040
2026Q2,TX1010400,4104892,MCL,Y,1040
2026Q2,DE0002303,7790,MCL,Y,1040
2026Q2,DE0001541,7391,MCL,Y,1040
2026Q2,DE0000705,3681,MCL,Y,1040
2026Q2,MI2005575,8615271,MCL,Y,1040
2026Q2,CA3910003,8400475,MCL,Y,1040
2026Q2,PA7360919,8323339,MCL,Y,1040
2026Q2,DE0001316,2592,MCL,Y,1040
2026Q2,FL5280301,8000015,MCL,Y,1040
2026Q2,NE3120601,116194,MCL,Y,1040
2026Q2,AZ0403351,1442380,MCL,Y,1040
2026Q2,IA0709637,40099,MCL,Y,1040
2026Q2,CA2701579,8413680,MCL,Y,1040
2026Q2,CA5700547,8380195,MCL,Y,1040
2026Q2,CA5400735,8417685,MCL,Y,1040
2026Q2,GA2350000,5000380,MCL,Y,1040
2026Q2,CA3701341,8415750,MCL,Y,1040
2026Q2,CA3301443,8414600,MCL,Y,1040
2026Q2,OK2006513,54197,MCL,Y,1040
2026Q2,CA1510013,8300084,MCL,Y,1040
2026Q2,KS2011711,1121,MCL,Y,1040
2026Q2,AZ0407357,604,MCL,Y,1040
2026Q2,CA1502066,9812012,MCL,Y,1040
2026Q2,IL2015368,1208390,MCL,Y,1040
2026Q2,CA4200514,8416103,MCL,Y,1040
2026Q2,MI2022341,8615051,MCL,Y,1040
2026Q2,DE0004525,1098,MCL,Y,1040
2026Q2,CA4300583,8380109,MCL,Y,1040
2026Q2,WA5319906,0961746,MCL,Y,1040
2026Q2,CA5602114,8525375,MCL,Y,1040
2026Q2,MD0220201,9811102,MCL,Y,1040
2026Q2,MI3420017,8715040,MCL,Y,1040
2026Q2,IL3118976,288,MCL,Y,1040
2026Q2,MI2004262,8615256,MCL,Y,1040
2026Q2,PA7360491,8020650,MCL,Y,1040
2026Q2,TX1530006,1395680,MCL,Y,1040
2026Q2,CA5400628,8200133,MCL,Y,1040
2026Q2,DE0000041,5494,MCL,Y,1040
2026Q2,AZ0407388,183282,MCL,Y,1040
2026Q2,KS2020106,8344283,MCL,Y,1040
2026Q2,IL0015765,3085695,MCL,Y,1040
2026Q2,PA7360827,8030550,MCL,Y,1040
2026Q2,CA3610020,8400382,MCL,Y,1040
2026Q2,NE3150322,1689,MCL,Y,1040
2026Q2,CA0400029,8410053,MCL,Y,1040
2026Q2,CA2400084,8000113,MCL,Y,1040
2026Q2,WA53AB441,2566327,MCL,Y,1040
2026Q2,NV0000249,510714,MCL,Y,1040
2026Q2,MI3920110,8615039,MCL,Y,1040
2026Q2,MI7520087,8615274,MCL,Y,1040
2026Q2,KS2014105,8345583,MCL,Y,1040
2026Q2,DE0001598,394,MCL,Y,1040
2026Q2,PR0003834,4106099,MCL,Y,1040
2026Q2,090600122,060012201104012023,MCL,Y,1040
2026Q2,AZ0407286,26735,MCL,Y,1040
2026Q2,AZ0407286,26742,MCL,Y,1040
2026Q2,AZ0407736,718,MCL,Y,1040
2026Q2,AZ0411087,5473,MCL,Y,1040
2026Q2,AZ0411097,17323,MCL,Y,1040
2026Q2,AZ0411097,17458,MCL,Y,1040
2026Q2,CA1000505,9900024,MCL,Y,1040
2026Q2,CA1500464,9912050,MCL,Y,1040
2026Q2,CA1500575,9912019,MCL,Y,1040
2026Q2,CA2700771,9800053,MCL,Y,1040
2026Q2,CA2701036,1400035,MCL,Y,1040
2026Q2,CA2701153,9800008,MCL,Y,1040
2026Q2,CA2701241,1100006,MCL,Y,1040
2026Q2,CA2701904,300006,MCL,Y,1040
2026Q2,CA3301535,9900008,MCL,Y,1040
2026Q2,CA3600768,1700027,MCL,Y,1040
2026Q2,CA3601137,1600021,MCL,Y,1040
2026Q2,CA3700018,1605286,MCL,Y,1040
2026Q2,CA3700923,9900005,MCL,Y,1040
2026Q2,CA3900649,900009,MCL,Y,1040
2026Q2,CA3901182,1600025,MCL,Y,1040
2026Q2,CA4000216,500005,MCL,Y,1040
2026Q2,CA4000216,500006,MCL,Y,1040
2026Q2,CA4900568,9918070,MCL,Y,1040
2026Q2,CA5000090,1680029,MCL,Y,1040
2026Q2,CA5000443,1180004,MCL,Y,1040
2026Q2,CA5000530,1280003,MCL,Y,1040
2026Q2,CA5100176,21005,MCL,Y,1040
2026Q2,CA5400541,1400049,MCL,Y,1040
2026Q2,CA5400541,600020,MCL,Y,1040
2026Q2,CA5400558,1400086,MCL,Y,1040
2026Q2,CA5400616,9800004,MCL,Y,1040
2026Q2,CA5400682,1100009,MCL,Y,1040
2026Q2,CA5400711,300010,MCL,Y,1040
2026Q2,CA5400735,1400063,MCL,Y,1040
2026Q2,CA5400795,1400130,MCL,Y,1040
2026Q2,CA5400810,1400039,MCL,Y,1040
2026Q2,CA5400810,400008,MCL,Y,1040
2026Q2,CA5400957,1200016,MCL,Y,1040
2026Q2,CA5400964,1400067,MCL,Y,1040
2026Q2,CA5401003,1400091,MCL,Y,1040
2026Q2,CA5401053,600016,MCL,Y,1040
2026Q2,CA5402030,1100021,MCL,Y,1040
2026Q2,CA5403013,1000029,MCL,Y,1040
2026Q2,CA5403105,1300019,MCL,Y,1040
2026Q2,CA5410012,8600114,MCL,Y,1040
2026Q2,CA5410012,8600115,MCL,Y,1040
2026Q2,CA5601106,9406003,MCL,Y,1040
2026Q2,CA5700537,9900011,MCL,Y,1040
2026Q2,CA5700788,1700037,MCL,Y,1040
2026Q2,CA5700802,2,MCL,Y,1040
2026Q2,CO0224310,5,MCL,Y,1040
2026Q2,CO0263003,2974421,MCL,Y,1040
2026Q2,CT0400034,153503,MCL,Y,1040
2026Q2,CT0581021,8830788,MCL,Y,1040
2026Q2,CT1050234,223203,MCL,Y,1040
2026Q2,DE0000834,8382,MCL,Y,1040
2026Q2,DE0000873,1891,MCL,Y,1040
2026Q2,DE0000946,8492,MCL,Y,1040
2026Q2,DE0001316,7188,MCL,Y,1040
2026Q2,DE0002269,8584,MCL,Y,1040
2026Q2,DE0002601,9694,MCL,Y,1040
2026Q2,FL3354816,93V0002,MCL,Y,1040
2026Q2,IA1031916,150294,MCL,Y,1040
2026Q2,IA1175056,389992,MCL,Y,1040
2026Q2,IA1570032,350494,MCL,Y,1040
2026Q2,IA1940827,303800,MCL,Y,1040
2026Q2,IA1951201,181604,MCL,Y,1040
2026Q2,IA2279101,147898,MCL,Y,1040
2026Q2,IA2839401,109420,MCL,Y,1040
2026Q2,IA3130863,438207,MCL,Y,1040
2026Q2,IA4715072,531284,MCL,Y,1040
2026Q2,IA4800634,77523,MCL,Y,1040
2026Q2,IA4938205,351394,MCL,Y,1040
2026Q2,IA6028081,184505,MCL,Y,1040
2026Q2,IA6527038,80106,MCL,Y,1040
2026Q2,IA8258847,108,MCL,Y,1040
2026Q2,ID3140224,2515,MCL,Y,1040
2026Q2,ID4010017,13518,MCL,Y,1040
2026Q2,ID6060084,1507,MCL,Y,1040
2026Q2,IL1015350,5401805,MCL,Y,1040
2026Q2,IL1150100,7053614,MCL,Y,1040
2026Q2,IL1150150,266084,MCL,Y,1040
2026Q2,IL3000521,6411,MCL,Y,1040
2026Q2,IL3044438,199509,MCL,Y,1040
2026Q2,IL3078261,27882,MCL,Y,1040
2026Q2,IL3117408,533810,MCL,Y,1040
2026Q2,IL3134072,110,MCL,Y,1040
2026Q2,IN2441009,1212,MCL,Y,1040
2026Q2,IN2460154,1414,MCL,Y,1040
2026Q2,IN2460872,1402,MCL,Y,1040
2026Q2,IN2570943,1005,MCL,Y,1040
2026Q2,IN2650006,228,MCL,Y,1040
2026Q2,IN2860009,38,MCL,Y,1040
2026Q2,IN5203006,1200,MCL,Y,1040
2026Q2,IN5220021,4499,MCL,Y,1040
2026Q2,KS2000705,8621186,MCL,Y,1040
2026Q2,KS2001301,1210,MCL,Y,1040
2026Q2,KS2006904,508,MCL,Y,1040
2026Q2,KS2008721,4104,MCL,Y,1040
2026Q2,KS2009505,8727287,MCL,Y,1040
2026Q2,KS2011702,8851588,MCL,Y,1040
2026Q2,KS2011703,738,MCL,Y,1040
2026Q2,KS2011711,8931989,MCL,Y,1040
2026Q2,KS2014702,997,MCL,Y,1040
2026Q2,KS2015514,297,MCL,Y,1040
2026Q2,KS2015711,1020,MCL,Y,1040
2026Q2,KS2017313,3794,MCL,Y,1040
2026Q2,KS2020106,1625,MCL,Y,1040
2026Q2,KY0040015,7014195,MCL,Y,1040
2026Q2,MD0060215,28,MCL,Y,1040
2026Q2,MD1060070,23,MCL,Y,1040
2026Q2,MD1120017,4,MCL,Y,1040
2026Q2,ME0004640,4005693,MCL,Y,1040
2026Q2,ME0094708,150500,MCL,Y,1040
2026Q2,MI2006675,211134,MCL,Y,1040
2026Q2,MI2007068,1711762,MCL,Y,1040
2026Q2,MN1700016,55083,MCL,Y,1040
2026Q2,MN5560060,792074,MCL,Y,1040
2026Q2,MN5560434,9628,MCL,Y,1040
2026Q2,MN5730728,56552,MCL,Y,1040
2026Q2,MN5790213,10780,MCL,Y,1040
2026Q2,MO3248224,122004,MCL,Y,1038
2026Q2,MT0000432,384,MCL,Y,1040
2026Q2,MT0001772,867513,MCL,Y,1038
2026Q2,MT0003164,5263532,MCL,Y,1038
2026Q2,NC0326860,4715806,MCL,Y,1040
2026Q2,ND3610232,23581,MCL,Y,1040
2026Q2,NE3103505,448218,MCL,Y,1038
2026Q2,NE3105101,424026,MCL,Y,1038
2026Q2,NE3106105,495321,MCL,Y,1038
2026Q2,NE3106705,308,MCL,Y,1038
2026Q2,NE3108304,1910,MCL,Y,1038
2026Q2,NE3108305,489308,MCL,Y,1038
2026Q2,NE3110708,411797,MCL,Y,1040
2026Q2,NE3112302,515705,MCL,Y,1038
2026Q2,NE3113902,412943,MCL,Y,1038
2026Q2,NE3114702,480803,MCL,Y,1038
2026Q2,NE3115307,452810,MCL,Y,1038
2026Q2,NE3115713,790,MCL,Y,1040
2026Q2,NE3116702,442903,MCL,Y,1038
2026Q2,NE3120356,200804,MCL,Y,1038
2026Q2,NE3120466,117,MCL,Y,1038
2026Q2,NE3120563,502810,MCL,Y,1038
2026Q2,NE3120563,502822,MCL,Y,1038
2026Q2,NE3120567,468203,MCL,Y,1038
2026Q2,NE3120567,470348,MCL,Y,1038
2026Q2,NE3120740,454209,MCL,Y,1038
2026Q2,NE3120740,454617,MCL,Y,1038
2026Q2,NE3121284,109,MCL,Y,1038
2026Q2,NE3150324,1704,MCL,Y,1038
2026Q2,NE3150378,470304,MCL,Y,1038
2026Q2,NE3150547,530198,MCL,Y,1038
2026Q2,NE3150698,441406,MCL,Y,1038
2026Q2,NJ0607304,1609,MCL,Y,1040
2026Q2,NJ0613320,1209,MCL,Y,1040
2026Q2,NJ0805367,506,MCL,Y,1040
2026Q2,NJ1904004,55007,MCL,Y,1040
2026Q2,NJ1904004,56611,MCL,Y,1040
2026Q2,NJ2114316,2117,MCL,Y,1040
2026Q2,NV0005039,637,MCL,Y,1040
2026Q2,NY1303217,4974,MCL,Y,1040
2026Q2,OH2333412,9658404,MCL,Y,1040
2026Q2,OH2900412,8202062,MCL,Y,1040
2026Q2,OK2000203,265706,MCL,Y,1038
2026Q2,OK2000206,236518,MCL,Y,1038
2026Q2,OK2000207,130916,MCL,Y,1038
2026Q2,OK2000605,96993,MCL,Y,1040
2026Q2,OK2000606,280204,MCL,Y,1038
2026Q2,OK2000606,282846,MCL,Y,1038
2026Q2,OK2000608,103795,MCL,Y,1040
2026Q2,OK2000608,276365,MCL,Y,1038
2026Q2,OK2000908,195276,MCL,Y,1038
2026Q2,OK2000908,195305,MCL,Y,1038
2026Q2,OK2002301,43994,MCL,Y,1040
2026Q2,OK2002902,80494,MCL,Y,1040
2026Q2,OK2003701,233502,MCL,Y,1040
2026Q2,OK2003715,289293,MCL,Y,1038
2026Q2,OK2003715,289348,MCL,Y,1038
2026Q2,OK2004407,267716,MCL,Y,1038
2026Q2,OK2005710,293406,MCL,Y,1038
2026Q2,OK2007107,193552,MCL,Y,1038
2026Q2,OK2007604,90698,MCL,Y,1040
2026Q2,OR4193570,410501,MCL,Y,1040
2026Q2,PA1150374,0130499,MCL,Y,1040
2026Q2,PA1150442,9100915,MCL,Y,1040
2026Q2,PA1150895,9318689,MCL,Y,1040
2026Q2,PA2660836,2105807,MCL,Y,1040
2026Q2,PA3060815,9226101,MCL,Y,1040
2026Q2,PA3060962,1937146,MCL,Y,1040
2026Q2,PA3061184,0913458,MCL,Y,1040
2026Q2,PA3061252,1906091,MCL,Y,1040
2026Q2,PA3480023,2106193,MCL,Y,1040
2026Q2,PA3480463,9556669,MCL,Y,1040
2026Q2,PA3480832,9004006,MCL,Y,1040
2026Q2,PA4180308,8709153,MCL,Y,1040
2026Q2,PA4410890,9728109,MCL,Y,1040
2026Q2,PA4600863,9740124,MCL,Y,1040
2026Q2,PA4600869,1023063,MCL,Y,1040
2026Q2,PA7220314,8408470,MCL,Y,1040
2026Q2,PA7280021,8804058,MCL,Y,1040
2026Q2,PA7280397,1916698,MCL,Y,1040
2026Q2,PA7280961,2221712,MCL,Y,1040
2026Q2,PA7360071,8707894,MCL,Y,1040
2026Q2,PA7360178,9655898,MCL,Y,1040
2026Q2,PA7360561,9000649,MCL,Y,1040
2026Q2,PA7360671,1234717,MCL,Y,1040
2026Q2,PA7360746,0618657,MCL,Y,1040
2026Q2,PA7360919,9319455,MCL,Y,1040
2026Q2,PA7360954,0428415,MCL,Y,1040
2026Q2,PA7361001,0312663,MCL,Y,1040
2026Q2,PA7361034,9556941,MCL,Y,1040
2026Q2,PA7361035,8609735,MCL,Y,1040
2026Q2,PA7361045,0224125,MCL,Y,1040
2026Q2,PA7361067,8707079,MCL,Y,1040
2026Q2,PA7670321,1645063,MCL,Y,1040
2026Q2,PA7670984,9319013,MCL,Y,1040
2026Q2,TX0230002,2508,MCL,Y,1040
2026Q2,TX0230002,980009809,MCL,Y,1040
2026Q2,TX0230002,990010092,MCL,Y,1040
2026Q2,TX0270021,100069025,MCL,Y,1040
2026Q2,TX0450043,980006942,MCL,Y,1040
2026Q2,TX0480011,990010144,MCL,Y,1040
2026Q2,TX0480011,990010356,MCL,Y,1040
2026Q2,TX0580013,10001060,MCL,Y,1040
2026Q2,TX0580013,1504,MCL,Y,1040
2026Q2,TX0580013,990010157,MCL,Y,1040
2026Q2,TX0580013,990010232,MCL,Y,1040
2026Q2,TX0580025,100068226,MCL,Y,1040
2026Q2,TX0730023,232,MCL,Y,1040
2026Q2,TX0830018,100068248,MCL,Y,1040
2026Q2,TX0860136,70,MCL,Y,1040
2026Q2,TX0960001,90063630,MCL,Y,1040
2026Q2,TX0960003,990010181,MCL,Y,1040
2026Q2,TX1040004,80040887,MCL,Y,1040
2026Q2,TX1100011,100069287,MCL,Y,1040
2026Q2,TX1380011,100069246,MCL,Y,1040
2026Q2,TX1520064,990010138,MCL,Y,1040
2026Q2,TX1520080,990010974,MCL,Y,1040
2026Q2,TX1520080,990010999,MCL,Y,1040
2026Q2,TX1520210,990010012,MCL,Y,1040
2026Q2,TX1590007,171,MCL,Y,1040
2026Q2,TX1650035,970009407,MCL,Y,1040
2026Q2,TX1650043,980009836,MCL,Y,1040
2026Q2,TX1650044,51,MCL,Y,1040
2026Q2,TX1650077,970010224,MCL,Y,1040
2026Q2,TX1650131,216,MCL,Y,1040
2026Q2,TX1650152,40,MCL,Y,1040
2026Q2,TX1730003,990000267,MCL,Y,1040
2026Q2,TX2330020,90062630,MCL,Y,1040
2026Q2,TX2330020,990010049,MCL,Y,1040
2026Q2,TX2420002,990010035,MCL,Y,1040
2026Q2,TX2440001,100067063,MCL,Y,1040
2026Q2,TX2440001,270,MCL,Y,1040
2026Q2,TX2440001,990010069,MCL,Y,1040
2026Q2,TX2440005,1403280,MCL,Y,1040
2026Q2,TX2440009,970009440,MCL,Y,1040
2026Q2,WA5301874,0831210,MCL,Y,1040
2026Q2,WA5309677,0361592,MCL,Y,1040
2026Q2,WA5309677,0479104,MCL,Y,1040
2026Q2,WA5314176,0647738,MCL,Y,1040
2026Q2,WA5318750,1117928,MCL,Y,1040
2026Q2,WA5318750,1281477,MCL,Y,1040
2026Q2,WA5320142,0595627,MCL,Y,1040
2026Q2,WA5321728,0682706,MCL,Y,1040
2026Q2,WA5325120,2347995,MCL,Y,1040
2026Q2,WA5333827,0647900,MCL,Y,1040
2026Q2,WA5355914,1202602,MCL,Y,1040
2026Q2,WA5362150,0674375,MCL,Y,1040
2026Q2,WA5362150,1585016,MCL,Y,1040
2026Q2,WA53AA373,1621107,MCL,Y,1040
2026Q2,WA53AA597,1569479,MCL,Y,1040
2026Q2,WA53AD784,2555736,MCL,Y,1040
2026Q2,WI1130666,81V0001,MCL,Y,1040
2026Q2,WI1133576,0800001,MCL,Y,1038
2026Q2,WI1250111,0800009,MCL,Y,1038
2026Q2,WI1540339,1300004,MCL,Y,1040
2026Q2,WI4590725,0800019,MCL,Y,1038
2026Q2,WI4700770,9900001,MCL,Y,1038
2026Q2,WI6270011,0700005,MCL,Y,1038
2026Q2,WI6480568,0300001,MCL,Y,1040
2026Q2,WI6560131,82V0001,MCL,Y,1040
2026Q2,WI6620424,2300002,MCL,Y,1040
2026Q2,WI8260183,0500010,MCL,Y,1038
2026Q2,DE0000075,1494,MCL,Y,1040
2026Q2,CA3700923,8633544,MCL,Y,1040
2026Q2,CA2701151,8413660,MCL,Y,1040
2026Q2,WA5390400,0422531,MCL,Y,1040
2026Q2,MT0000179,34780,MCL,Y,1040
2026Q2,WI7500101,81V0002,MCL,Y,1040
2026Q2,PA7380323,8509301,MCL,Y,1040
2026Q2,CA1500434,8100152,MCL,Y,1040
2026Q2,CA3310018,8300354,MCL,Y,1040
2026Q2,DE0001303,12290,MCL,Y,1040
2026Q2,CA3600115,8630387,MCL,Y,1040
2026Q2,CA5000038,8200105,MCL,Y,1040
2026Q2,OK2005756,45596,MCL,Y,1040
2026Q2,TX1040005,410885,MCL,Y,1040
2026Q2,DE0000405,2180,MCL,Y,1040
2026Q2,IL1055030,1066888,MCL,Y,1040
2026Q2,WY5600085,1297380,MCL,Y,1040
2026Q2,WI6560804,1700002,MCL,Y,1040
2026Q2,WI7440717,0600012,MCL,Y,1040
2026Q2,WI7500100,1100008,MCL,Y,1038
2026Q2,KS2002707,22881,MCL,Y,1040
2026Q2,CA4200867,8324802,MCL,Y,1040
2026Q2,IA2402063,9007185,MCL,Y,1040
2026Q2,CA3610036,8400407,MCL,Y,1040
2026Q2,WA5353250,0884795,MCL,Y,1040
2026Q2,CA2701065,8413646,MCL,Y,1040
2026Q2,AZ0407436,267583,MCL,Y,1040
2026Q2,MD0220002,8300066,MCL,Y,1040
2026Q2,VA1077015,1597495,MCL,Y,1040
2026Q2,NE3150624,108093,MCL,Y,1040
2026Q2,OK2004786,42594,MCL,Y,1040
2026Q2,MI6420065,8615068,MCL,Y,1040
2026Q2,CA3310010,8300334,MCL,Y,1040
2026Q2,NE3120190,4798,MCL,Y,1040
2026Q2,DE0002303,10393,MCL,Y,1040
2026Q2,CA4200514,8416102,MCL,Y,1040
2026Q2,AZ0407286,26711,MCL,Y,1040
2026Q2,AZ0410194,3130,MCL,Y,1040
2026Q2,AZ0411069,5433,MCL,Y,1040
2026Q2,AZ0414399,9644,MCL,Y,1040
2026Q2,AZ0415514,1904,MCL,Y,1040
2026Q2,CA1000112,1123017,MCL,Y,1040
2026Q2,CA1000285,9800006,MCL,Y,1040
2026Q2,CA1500409,9812034,MCL,Y,1040
2026Q2,CA1500464,9912005,MCL,Y,1040
2026Q2,CA1502699,119007,MCL,Y,1040
2026Q2,CA1502699,9412022,MCL,Y,1038
2026Q2,CA1502820,119022,MCL,Y,1040
2026Q2,CA1503515,1119001,MCL,Y,1040
2026Q2,CA2700558,1400038,MCL,Y,1040
2026Q2,CA2700738,1300049,MCL,Y,1040
2026Q2,CA2700771,1300065,MCL,Y,1040
2026Q2,CA2701036,1500040,MCL,Y,1040
2026Q2,CA2701040,700032,MCL,Y,1040
2026Q2,CA2701241,1600036,MCL,Y,1040
2026Q2,CA3301529,9900028,MCL,Y,1040
2026Q2,CA3310018,8500264,MCL,Y,1040
2026Q2,CA3310018,8600814,MCL,Y,1040
2026Q2,CA3600391,1600033,MCL,Y,1040
2026Q2,CA3601089,8,MCL,Y,1040
2026Q2,CA3601094,1300003,MCL,Y,1040
2026Q2,CA3700063,501877,MCL,Y,1038
2026Q2,CA3701341,1705358,MCL,Y,1040
2026Q2,CA3900578,14,MCL,Y,1040
2026Q2,CA3901182,1100003,MCL,Y,1040
2026Q2,CA3901387,1400021,MCL,Y,1040
2026Q2,CA3910014,210017,MCL,Y,1040
2026Q2,CA4410303,8800115,MCL,Y,1040
2026Q2,CA4410303,8900504,MCL,Y,1040
2026Q2,CA5000426,1580002,MCL,Y,1040
2026Q2,CA5400526,9800019,MCL,Y,1040
2026Q2,CA5400548,1000017,MCL,Y,1040
2026Q2,CA5400651,1400048,MCL,Y,1040
2026Q2,CA5400660,1000042,MCL,Y,1040
2026Q2,CA5400660,400014,MCL,Y,1040
2026Q2,CA5400665,512026,MCL,Y,1040
2026Q2,CA5400665,9900029,MCL,Y,1040
2026Q2,CA5400735,1400111,MCL,Y,1040
2026Q2,CA5401053,500011,MCL,Y,1040
2026Q2,CA5401080,1000022,MCL,Y,1040
2026Q2,CA5402013,9900013,MCL,Y,1040
2026Q2,CA5403048,1200030,MCL,Y,1040
2026Q2,CA5403110,1300054,MCL,Y,1040
2026Q2,CA5403122,12,MCL,Y,1040
2026Q2,CA5403122,24,MCL,Y,1040
2026Q2,CA5410014,9512017,MCL,Y,1040
2026Q2,CA5700712,9900006,MCL,Y,1040
2026Q2,CA5700788,1700045,MCL,Y,1040
2026Q2,CO0223800,4029606,MCL,Y,1040
2026Q2,CO0223800,4029631,MCL,Y,1040
2026Q2,CO0247500,33,MCL,Y,1040
2026Q2,CO0263003,2974374,MCL,Y,1040
2026Q2,CT0870054,34407,MCL,Y,1040
2026Q2,CT0979354,1510,MCL,Y,1040
2026Q2,CT0979354,609,MCL,Y,1040
2026Q2,CT1150204,1008,MCL,Y,1040
2026Q2,CT1189131,46313,MCL,Y,1040
2026Q2,DE0000041,11189,MCL,Y,1040
2026Q2,DE0000041,2394,MCL,Y,1040
2026Q2,DE0000075,3294,MCL,Y,1040
2026Q2,DE0000412,4385,MCL,Y,1040
2026Q2,DE0000543,7785,MCL,Y,1040
2026Q2,DE0000601,14189,MCL,Y,1040
2026Q2,DE0000627,13593,MCL,Y,1040
2026Q2,DE0001269,8989,MCL,Y,1040
2026Q2,DE0002303,385,MCL,Y,1040
2026Q2,DE0004525,15293,MCL,Y,1040
2026Q2,DE0020008,7,MCL,Y,1040
2026Q2,DE00A0237,205,MCL,Y,1040
2026Q2,GA0870002,30522,MCL,Y,1038
2026Q2,IA0789067,268594,MCL,Y,1040
2026Q2,IA0790074,23116,MCL,Y,1040
2026Q2,IA0975913,253404,MCL,Y,1040
2026Q2,IA0975913,275903,MCL,Y,1040
2026Q2,IA1044101,145022,MCL,Y,1040
2026Q2,IA1970202,377693,MCL,Y,1040
2026Q2,IA2525010,164126,MCL,Y,1040
2026Q2,IA2817710,111098,MCL,Y,1040
2026Q2,IA3113587,482084,MCL,Y,1040
2026Q2,IA3300769,180904,MCL,Y,1040
2026Q2,IA5343408,389008,MCL,Y,1040
2026Q2,IA5786890,408499,MCL,Y,1040
2026Q2,IA6028081,97796,MCL,Y,1040
2026Q2,IA6436087,9015286,MCL,Y,1040
2026Q2,IA7568794,160986,MCL,Y,1040
2026Q2,IA8930038,151498,MCL,Y,1040
2026Q2,IA9133801,588084,MCL,Y,1040
2026Q2,ID2350009,4725,MCL,Y,1040
2026Q2,ID3140069,6152,MCL,Y,1040
2026Q2,ID3140224,601,MCL,Y,1040
2026Q2,ID3370035,4406,MCL,Y,1040
2026Q2,ID4200054,21447,MCL,Y,1040
2026Q2,ID6210001,6212,MCL,Y,1040
2026Q2,IL0170050,231384,MCL,Y,1040
2026Q2,IL0170200,231686,MCL,Y,1040
2026Q2,IL0751000,3801297,MCL,Y,1041
2026Q2,IL1150350,3905697,MCL,Y,1040
2026Q2,IL1830350,3837197,MCL,Y,1040
2026Q2,IL1830350,7169602,MCL,Y,1038
2026Q2,IN2430181,209,MCL,Y,1040
2026Q2,IN5283009,3001,MCL,Y,1040
2026Q2,KS2004305,2713,MCL,Y,1040
2026Q2,KS2004702,250,MCL,Y,1040
2026Q2,KS2010504,2334,MCL,Y,1040
2026Q2,KS2014702,1398,MCL,Y,1040
2026Q2,KS2015501,4228,MCL,Y,1040
2026Q2,KS2015901,1497,MCL,Y,1040
2026Q2,KS2016713,8726187,MCL,Y,1040
2026Q2,KS2019303,805,MCL,Y,1040
2026Q2,KY0480341,8833299,MCL,Y,1040
2026Q2,MD0060215,60,MCL,Y,1040
2026Q2,MD0210208,9811201,MCL,Y,1040
2026Q2,MD0220002,9002430,MCL,Y,1040
2026Q2,MD1231062,9,MCL,Y,1040
2026Q2,MI0040076,39187,MCL,Y,1040
2026Q2,MI2038154,1510845,MCL,Y,1040
2026Q2,MN5490110,9394,MCL,Y,1040
2026Q2,MN5680033,50733,MCL,Y,1040
2026Q2,MO2069020,1V85,MCL,Y,1040
2026Q2,NC0114523,300,MCL,Y,1040
2026Q2,NC0136227,429217,MCL,Y,1040
2026Q2,NE3100101,447411,MCL,Y,1038
2026Q2,NE3102707,527106,MCL,Y,1038
2026Q2,NE3102707,528208,MCL,Y,1038
2026Q2,NE3103505,448258,MCL,Y,1038
2026Q2,NE3103903,459153,MCL,Y,1038
2026Q2,NE3106106,435698,MCL,Y,1038
2026Q2,NE3112302,518210,MCL,Y,1038
2026Q2,NE3114504,502499,MCL,Y,1038
2026Q2,NE3114702,480503,MCL,Y,1038
2026Q2,NE3120348,237203,MCL,Y,1038
2026Q2,NE3120411,527098,MCL,Y,1038
2026Q2,NE3120740,454008,MCL,Y,1038
2026Q2,NE3120820,420221,MCL,Y,1038
2026Q2,NE3120923,469308,MCL,Y,1038
2026Q2,NJ1406319,4806,MCL,Y,1040
2026Q2,NJ2123003,2605,MCL,Y,1040
2026Q2,NY4523020,16923,MCL,Y,1040
2026Q2,OH1132512,5423703,MCL,Y,1040
2026Q2,OH3500811,8608524,MCL,Y,1040
2026Q2,OH7136212,8472809,MCL,Y,1040
2026Q2,OH8750912,6001403,MCL,Y,1040
2026Q2,OK2000207,130972,MCL,Y,1038
2026Q2,OK2000208,96596,MCL,Y,1040
2026Q2,OK2000211,44896,MCL,Y,1040
2026Q2,OK2000812,141904,MCL,Y,1038
2026Q2,OK2001703,284402,MCL,Y,1040
2026Q2,OK2002711,270703,MCL,Y,1040
2026Q2,OK2002901,286840,MCL,Y,1038
2026Q2,OK2003301,101900,MCL,Y,1040
2026Q2,OK2003704,130499,MCL,Y,1040
2026Q2,OK2004206,265101,MCL,Y,1040
2026Q2,OK2004402,99120,MCL,Y,1038
2026Q2,OK2004407,99496,MCL,Y,1040
2026Q2,OK2007103,156638,MCL,Y,1038
2026Q2,OK2007103,156666,MCL,Y,1038
2026Q2,OK2007103,52597,MCL,Y,1040
2026Q2,OK2007502,45699,MCL,Y,1040
2026Q2,OK2007503,95547,MCL,Y,1038
2026Q2,OK4001481,120,MCL,Y,1038
2026Q2,OR4100588,902639991,MCL,Y,1040
2026Q2,OR4100872,901660679,MCL,Y,1040
2026Q2,PA1150183,0221600,MCL,Y,1040
2026Q2,PA1150833,9853021,MCL,Y,1040
2026Q2,PA2520351,8606305,MCL,Y,1040
2026Q2,PA3061129,0412096,MCL,Y,1040
2026Q2,PA3061249,1821640,MCL,Y,1040
2026Q2,PA3061249,1906089,MCL,Y,1040
2026Q2,PA3390444,9319151,MCL,Y,1040
2026Q2,PA4050033,0427352,MCL,Y,1040
2026Q2,PA4310331,0032976,MCL,Y,1040
2026Q2,PA7280021,8828857,MCL,Y,1040
2026Q2,PA7280044,9638458,MCL,Y,1040
2026Q2,PA7360087,0717457,MCL,Y,1040
2026Q2,PA7360096,9914014,MCL,Y,1040
2026Q2,PA7360384,9301271,MCL,Y,1040
2026Q2,PA7360397,9318942,MCL,Y,1040
2026Q2,PA7360465,0121841,MCL,Y,1040
2026Q2,PA7360552,9001167,MCL,Y,1040
2026Q2,PA7360617,9469362,MCL,Y,1040
2026Q2,PA7360642,9835962,MCL,Y,1040
2026Q2,PA7360792,1832384,MCL,Y,1040
2026Q2,PA7360812,0219611,MCL,Y,1040
2026Q2,PA7360859,9418477,MCL,Y,1040
2026Q2,PA7360919,9301298,MCL,Y,1040
2026Q2,PA7360965,9318971,MCL,Y,1040
2026Q2,PA7360979,1440218,MCL,Y,1040
2026Q2,PA7361000,0428424,MCL,Y,1040
2026Q2,PA7361014,9023650,MCL,Y,1040
2026Q2,PA7361076,0618715,MCL,Y,1040
2026Q2,PA7671145,8715633,MCL,Y,1040
2026Q2,PA7671285,8300835,MCL,Y,1040
2026Q2,PA7671299,1421134,MCL,Y,1040
2026Q2,SC0930801,291988,MCL,Y,1040
2026Q2,SC4370906,233983,MCL,Y,1040
2026Q2,TX0280017,303,MCL,Y,1040
2026Q2,TX0390016,990009992,MCL,Y,1040
2026Q2,TX0440018,1306,MCL,Y,1040
2026Q2,TX0480011,990010428,MCL,Y,1040
2026Q2,TX0580013,803,MCL,Y,1040
2026Q2,TX0670036,10,MCL,Y,1040
2026Q2,TX0680224,67,MCL,Y,1040
2026Q2,TX0760013,421,MCL,Y,1041
2026Q2,TX0830018,100067968,MCL,Y,1040
2026Q2,TX0830018,100068243,MCL,Y,1040
2026Q2,TX0950057,100069054,MCL,Y,1040
2026Q2,TX0950057,100069070,MCL,Y,1040
2026Q2,TX1040004,4104992,MCL,Y,1040
2026Q2,TX1380006,1907,MCL,Y,1040
2026Q2,TX1380011,100069228,MCL,Y,1040
2026Q2,TX1380011,100069249,MCL,Y,1040
2026Q2,TX1500023,90049355,MCL,Y,1040
2026Q2,TX1500048,106,MCL,Y,1040
2026Q2,TX1500049,90064822,MCL,Y,1040
2026Q2,TX1500117,616,MCL,Y,1040
2026Q2,TX1520080,10001810,MCL,Y,1040
2026Q2,TX1520080,990010494,MCL,Y,1040
2026Q2,TX1520080,990010524,MCL,Y,1040
2026Q2,TX1520080,990010757,MCL,Y,1040
2026Q2,TX1520185,1505,MCL,Y,1040
2026Q2,TX1520185,980009830,MCL,Y,1040
2026Q2,TX1520210,10000899,MCL,Y,1040
2026Q2,TX1520210,807,MCL,Y,1040
2026Q2,TX1520236,408,MCL,Y,1040
2026Q2,TX1520247,100069509,MCL,Y,1040
2026Q2,TX1520308,29,MCL,Y,1040
2026Q2,TX1520308,32,MCL,Y,1040
2026Q2,TX1530002,20001998,MCL,Y,1040
2026Q2,TX1530003,90064934,MCL,Y,1040
2026Q2,TX1530005,780010005,MCL,Y,1040
2026Q2,TX1650007,100068247,MCL,Y,1040
2026Q2,TX1650007,100068363,MCL,Y,1040
2026Q2,TX1650022,100069255,MCL,Y,1040
2026Q2,TX1650043,990000168,MCL,Y,1040
2026Q2,TX1650048,100068316,MCL,Y,1040
2026Q2,TX1650077,970009699,MCL,Y,1040
2026Q2,TX1650111,100069476,MCL,Y,1040
2026Q2,TX2430005,990010038,MCL,Y,1040
2026Q2,TX2440003,990010030,MCL,Y,1040
2026Q2,TX2440003,990010059,MCL,Y,1040
2026Q2,WA5300119,1875768,MCL,Y,1040
2026Q2,WA5302498,0468592,MCL,Y,1040
2026Q2,WA5304460,0421122,MCL,Y,1040
2026Q2,WA5314176,0997786,MCL,Y,1040
2026Q2,WA5317641,0986124,MCL,Y,1040
2026Q2,WA5317641,2491207,MCL,Y,1040
2026Q2,WA5319910,0616360,MCL,Y,1040
2026Q2,WA53AC298,1118176,MCL,Y,1040
2026Q2,WA53AC298,1465597,MCL,Y,1040
2026Q2,WA53AD330,2276026,MCL,Y,1040
2026Q2,WI1130730,85V0001,MCL,Y,1040
2026Q2,WI7010347,2100002,MCL,Y,1040
2026Q2,AZ0415475,105984,MCL,Y,1040
2026Q2,PA7361338,8701054,MCL,Y,1040
2026Q2,AZ0420073,1187580,MCL,Y,1040
2026Q2,CA4300583,8380105,MCL,Y,1040
2026Q2,AZ0407388,1009381,MCL,Y,1040
2026Q2,CA3310010,8300335,MCL,Y,1040
2026Q2,ID2290013,9000384,MCL,Y,1040
2026Q2,AZ0411034,1067581,MCL,Y,1040
2026Q2,CA5400595,8100251,MCL,Y,1040
2026Q2,KS2015303,8248082,MCL,Y,1040
2026Q2,TX0880008,4104592,MCL,Y,1040
2026Q2,TX0580022,1265483,MCL,Y,1040
2026Q2,CA3000745,8000239,MCL,Y,1040
2026Q2,TX2460020,272788,MCL,Y,1040
2026Q2,MT0001540,100181,MCL,Y,1040
2026Q2,KS2009504,40981,MCL,Y,1040
2026Q2,CA5000099,8200111,MCL,Y,1040
2026Q2,TX2440006,1403380,MCL,Y,1040
2026Q2,CA2400020,8521686,MCL,Y,1040
2026Q2,MI2006339,8615279,MCL,Y,1040
2026Q2,OK2002902,118094,MCL,Y,1040
2026Q2,CA3310044,8300389,MCL,Y,1040
2026Q2,DE0000864,6392,MCL,Y,1040
2026Q2,IL1435300,3157295,MCL,Y,1040
2026Q2,OK2004404,265198,MCL,Y,1040
2026Q2,090400094,0400094011040102018,MCL,Y,1040
2026Q2,AZ0411097,17293,MCL,Y,1040
2026Q2,AZ0411321,11617,MCL,Y,1040
2026Q2,AZ0411321,11830,MCL,Y,1040
2026Q2,AZ0413039,19905,MCL,Y,1040
2026Q2,CA1000452,823007,MCL,Y,1040
2026Q2,CA1500393,9912033,MCL,Y,1040
2026Q2,CA1500393,9912049,MCL,Y,1040
2026Q2,CA1500401,9619016,MCL,Y,1040
2026Q2,CA1500464,9912037,MCL,Y,1040
2026Q2,CA1500494,9812046,MCL,Y,1040
2026Q2,CA1502012,1219051,MCL,Y,1040
2026Q2,CA2000660,1100031,MCL,Y,1040
2026Q2,CA2010012,9611046,MCL,Y,1040
2026Q2,CA2701542,1600052,MCL,Y,1040
2026Q2,CA2701542,1400037,MCL,Y,1040
2026Q2,CA3301654,9420002,MCL,Y,1040
2026Q2,CA3500526,405011,MCL,Y,1040
2026Q2,CA3600192,1300007,MCL,Y,1040
2026Q2,CA3600768,1700049,MCL,Y,1040
2026Q2,CA3700065,1203546,MCL,Y,1040
2026Q2,CA3700924,1605283,MCL,Y,1040
2026Q2,CA3700934,1705393,MCL,Y,1040
2026Q2,CA3701341,1705356,MCL,Y,1040
2026Q2,CA3901164,1200005,MCL,Y,1040
2026Q2,CA3901466,1300008,MCL,Y,1040
2026Q2,CA4400634,900011,MCL,Y,1040
2026Q2,CA4900568,9918069,MCL,Y,1040
2026Q2,CA5000372,1180018,MCL,Y,1040
2026Q2,CA5103335,1221013,MCL,Y,1040
2026Q2,CA5400507,1100020,MCL,Y,1040
2026Q2,CA5400523,1100024,MCL,Y,1040
2026Q2,CA5400616,9800033,MCL,Y,1040
2026Q2,CA5400665,812048,MCL,Y,1040
2026Q2,CA5400670,1400109,MCL,Y,1040
2026Q2,CA5400805,1400041,MCL,Y,1040
2026Q2,CA5400810,800015,MCL,Y,1040
2026Q2,CA5401053,1200039,MCL,Y,1040
2026Q2,CA5401053,900024,MCL,Y,1040
2026Q2,CA5402048,612022,MCL,Y,1040
2026Q2,CA5402048,612023,MCL,Y,1040
2026Q2,CA5403053,1400062,MCL,Y,1040
2026Q2,CA5403081,1300039,MCL,Y,1040
2026Q2,CA5403081,1300074,MCL,Y,1040
2026Q2,CA5403106,700009,MCL,Y,1040
2026Q2,CA5403110,1400058,MCL,Y,1040
2026Q2,CA5410007,12010,MCL,Y,1040
2026Q2,CA5700623,1600030,MCL,Y,1040
2026Q2,CA5700672,9800001,MCL,Y,1040
2026Q2,CA5700788,1700058,MCL,Y,1040
2026Q2,CO0132005,4030282,MCL,Y,1040
2026Q2,CO0151150,1007427,MCL,Y,1040
2026Q2,CO0201475,15,MCL,Y,1040
2026Q2,DE0000523,5787,MCL,Y,1040
2026Q2,DE0000611,8698,MCL,Y,1040
2026Q2,DE0000964,310,MCL,Y,1040
2026Q2,DE0001303,4790,MCL,Y,1040
2026Q2,FL6292566,20010000759,MCL,Y,1040
2026Q2,FL6295676,20090002604,MCL,Y,1040
2026Q2,FL6510807,20140002481,MCL,Y,1040
2026Q2,IA0732301,335799,MCL,Y,1040
2026Q2,IA0790678,8195,MCL,Y,1040
2026Q2,IA0990808,144826,MCL,Y,1040
2026Q2,IA1031916,114295,MCL,Y,1040
2026Q2,IA1951201,393307,MCL,Y,1040
2026Q2,IA1967863,1325,MCL,Y,1040
2026Q2,IA1970202,350894,MCL,Y,1040
2026Q2,IA2115029,1135482,MCL,Y,1040
2026Q2,IA2115029,17598,MCL,Y,1040
2026Q2,IA2307201,411899,MCL,Y,1040
2026Q2,IA2330847,402302,MCL,Y,1040
2026Q2,IA2330847,441302,MCL,Y,1040
2026Q2,IA3130091,146394,MCL,Y,1040
2026Q2,IA3130801,241406,MCL,Y,1040
2026Q2,IA5300688,116615,MCL,Y,1040
2026Q2,IA5307101,213000,MCL,Y,1040
2026Q2,IA5815755,317592,MCL,Y,1040
2026Q2,IA6015047,266087,MCL,Y,1040
2026Q2,IA7607088,4895,MCL,Y,1040
2026Q2,IA8930038,56598,MCL,Y,1040
2026Q2,ID5160003,10402,MCL,Y,1040
2026Q2,ID7190177,1111,MCL,Y,1041
2026Q2,IL1330200,7154613,MCL,Y,1040
2026Q2,IL3147678,212,MCL,Y,1040
2026Q2,IN2200811,2529,MCL,Y,1040
2026Q2,IN2200898,1219,MCL,Y,1040
2026Q2,IN2460154,1429,MCL,Y,1040
2026Q2,KS2001303,2932,MCL,Y,1040
2026Q2,KS2004305,2718,MCL,Y,1040
2026Q2,KS2007101,1890,MCL,Y,1040
2026Q2,KS2009703,367,MCL,Y,1040
2026Q2,KS2011313,1014,MCL,Y,1040
2026Q2,KS2011704,912,MCL,Y,1040
2026Q2,KS2015107,1042,MCL,Y,1040
2026Q2,KS2015303,403,MCL,Y,1040
2026Q2,KS2016702,1898,MCL,Y,1040
2026Q2,KS2018102,1511,MCL,Y,1040
2026Q2,MA4182016,34,MCL,Y,1040
2026Q2,MI0040209,4000309,MCL,Y,1040
2026Q2,MI2006262,1240141,MCL,Y,1040
2026Q2,MI2013002,9440001,MCL,Y,1038
2026Q2,MN5190177,736650,MCL,Y,1040
2026Q2,MN5730434,10529,MCL,Y,1040
2026Q2,MT0000549,1348002,MCL,Y,1038
2026Q2,MT0002022,5326503,MCL,Y,1038
2026Q2,NC0136855,4722419,MCL,Y,1040
2026Q2,NC0276545,4834712,MCL,Y,1040
2026Q2,NC0466432,4595316,MCL,Y,1040
2026Q2,NE3103505,448261,MCL,Y,1038
2026Q2,NE3106106,474703,MCL,Y,1038
2026Q2,NE3109502,201525,MCL,Y,1038
2026Q2,NE3112302,516606,MCL,Y,1038
2026Q2,NE3112502,625,MCL,Y,1038
2026Q2,NE3113902,412795,MCL,Y,1040
2026Q2,NE3114702,483509,MCL,Y,1038
2026Q2,NE3117308,497204,MCL,Y,1038
2026Q2,NE3118702,510203,MCL,Y,1038
2026Q2,NE3120403,2023,MCL,Y,1038
2026Q2,NE3120732,1912,MCL,Y,1038
2026Q2,NE3120752,2319,MCL,Y,1038
2026Q2,NE3121106,103,MCL,Y,1038
2026Q2,NE3150312,206,MCL,Y,1038
2026Q2,NE3150554,17890,MCL,Y,1040
2026Q2,NJ0105333,799,MCL,Y,1040
2026Q2,NJ0436314,3208,MCL,Y,1040
2026Q2,NJ0614002,6636,MCL,Y,1040
2026Q2,NJ1904004,56726,MCL,Y,1040
2026Q2,NM3543526,81902,MCL,Y,1040
2026Q2,NY6012868,917,MCL,Y,1040
2026Q2,OH3101412,8701547,MCL,Y,1040
2026Q2,OH3101412,8809823,MCL,Y,1040
2026Q2,OH3501111,8608525,MCL,Y,1040
2026Q2,OH3531411,5473203,MCL,Y,1040
2026Q2,OH7200311,5536903,MCL,Y,1040
2026Q2,OH7200311,8588206,MCL,Y,1040
2026Q2,OK2000202,4480,MCL,Y,1040
2026Q2,OK2000206,236587,MCL,Y,1038
2026Q2,OK2000505,103895,MCL,Y,1040
2026Q2,OK2000605,71496,MCL,Y,1040
2026Q2,OK2000606,279703,MCL,Y,1038
2026Q2,OK2000805,118394,MCL,Y,1040
2026Q2,OK2000908,195315,MCL,Y,1038
2026Q2,OK2001703,282094,MCL,Y,1040
2026Q2,OK2002205,130099,MCL,Y,1040
2026Q2,OK2002301,33797,MCL,Y,1040
2026Q2,OK2002444,267306,MCL,Y,1038
2026Q2,OK2002608,232982,MCL,Y,1038
2026Q2,OK2002901,78297,MCL,Y,1040
2026Q2,OK2003701,238407,MCL,Y,1038
2026Q2,OK2003704,88698,MCL,Y,1040
2026Q2,OK2004407,267506,MCL,Y,1038
2026Q2,OK2004440,57,MCL,Y,1038
2026Q2,OK2005746,294716,MCL,Y,1038
2026Q2,OK2007103,156794,MCL,Y,1038
2026Q2,OK2007709,273324,MCL,Y,1038
2026Q2,OK2007709,273344,MCL,Y,1038
2026Q2,OR4100872,901660662,MCL,Y,1040
2026Q2,OR4195213,900002058,MCL,Y,1040
2026Q2,PA1150662,1820028,MCL,Y,1040
2026Q2,PA1461082,2520628,MCL,Y,1040
2026Q2,PA2641015,0305310,MCL,Y,1040
2026Q2,PA3060693,8618026,MCL,Y,1040
2026Q2,PA3061178,0606772,MCL,Y,1040
2026Q2,PA3390880,0032632,MCL,Y,1040
2026Q2,PA3480025,0222745,MCL,Y,1040
2026Q2,PA3480045,9458565,MCL,Y,1040
2026Q2,PA3480852,8913022,MCL,Y,1040
2026Q2,PA4050330,9711725,MCL,Y,1040
2026Q2,PA4410903,9008637,MCL,Y,1040
2026Q2,PA5320426,9414322,MCL,Y,1040
2026Q2,PA6200815,8710535,MCL,Y,1040
2026Q2,PA6251007,1244657,MCL,Y,1040
2026Q2,PA7210316,2117694,MCL,Y,1040
2026Q2,PA7280302,9306662,MCL,Y,1040
2026Q2,PA7280333,9301245,MCL,Y,1040
2026Q2,PA7360138,0327474,MCL,Y,1040
2026Q2,PA7360397,0337065,MCL,Y,1040
2026Q2,PA7360443,1245364,MCL,Y,1040
2026Q2,PA7360443,1728688,MCL,Y,1040
2026Q2,PA7360458,9721275,MCL,Y,1040
2026Q2,PA7360505,1131539,MCL,Y,1040
2026Q2,PA7360642,9318960,MCL,Y,1040
2026Q2,PA7380394,0624698,MCL,Y,1040
2026Q2,PA7500842,0313168,MCL,Y,1040
2026Q2,PA7671260,9639744,MCL,Y,1040
2026Q2,SD4600354,2300319,MCL,Y,1040
2026Q2,SD4602291,1000538,MCL,Y,1040
2026Q2,TX0440002,990010027,MCL,Y,1040
2026Q2,TX0680126,100068988,MCL,Y,1040
2026Q2,TX0850016,22,MCL,Y,1040
2026Q2,TX0950059,90064051,MCL,Y,1040
2026Q2,TX0960003,990010244,MCL,Y,1040
2026Q2,TX0990001,1707,MCL,Y,1040
2026Q2,TX1350001,10001080,MCL,Y,1040
2026Q2,TX1380006,990010094,MCL,Y,1040
2026Q2,TX1380011,100069182,MCL,Y,1040
2026Q2,TX1520080,990010451,MCL,Y,1040
2026Q2,TX1520128,137,MCL,Y,1040
2026Q2,TX1520185,990010136,MCL,Y,1040
2026Q2,TX1520210,90064797,MCL,Y,1040
2026Q2,TX1520243,1106,MCL,Y,1040
2026Q2,TX1540014,90060188,MCL,Y,1040
2026Q2,TX1590002,100068301,MCL,Y,1040
2026Q2,TX1650007,2107,MCL,Y,1040
2026Q2,TX1650029,10001877,MCL,Y,1040
2026Q2,TX1650035,10000941,MCL,Y,1040
2026Q2,TX1650077,970009707,MCL,Y,1040
2026Q2,TX1650111,100069457,MCL,Y,1040
2026Q2,TX1650117,527,MCL,Y,1040
2026Q2,TX1650131,52,MCL,Y,1040
2026Q2,TX1730003,990000257,MCL,Y,1040
2026Q2,TX1770001,990010031,MCL,Y,1040
2026Q2,TX2330020,105,MCL,Y,1040
2026Q2,TX2440003,705,MCL,Y,1040
2026Q2,TX2440003,90049379,MCL,Y,1040
2026Q2,TX2440005,1606,MCL,Y,1040
2026Q2,TX2440005,970009526,MCL,Y,1040
2026Q2,TX2440005,990010080,MCL,Y,1040
2026Q2,WA5308255,1807587,MCL,Y,1040
2026Q2,WA5318750,0855592,MCL,Y,1040
2026Q2,WA5318750,1495264,MCL,Y,1040
2026Q2,WA5321728,0648819,MCL,Y,1040
2026Q2,WA5351696,0750563,MCL,Y,1040
2026Q2,WA5362150,1225592,MCL,Y,1040
2026Q2,WA5380798,2510650,MCL,Y,1040
2026Q2,WA5390400,0457253,MCL,Y,1040
2026Q2,WA53AA220,2057166,MCL,Y,1040
2026Q2,WA53AA251,1652724,MCL,Y,1040
2026Q2,WA53AA597,1453062,MCL,Y,1040
2026Q2,WA53AA597,1491639,MCL,Y,1040
2026Q2,WA53AB047,0986754,MCL,Y,1040
2026Q2,WI1131601,1100007,MCL,Y,1038
2026Q2,WI6031122,1500002,MCL,Y,1040
2026Q2,WI6090654,9500006,MCL,Y,1040
2026Q2,WI6320429,1800014,MCL,Y,1040
2026Q2,WI6620707,1700001,MCL,Y,1040
2026Q2,WI7500265,1500018,MCL,Y,1038
2026Q2,WI7720213,9900002,MCL,Y,1038
2026Q2,WY5600214,4015675,MCL,Y,1038
2026Q2,WY5601586,222,MCL,Y,1038
2026Q2,WY5601644,59,MCL,Y,1038
2026Q2,WY5600164,496,MCL,Y,1040
2026Q2,CA3310010,8400294,MCL,Y,1040
2026Q2,IA5600601,9011385,MCL,Y,1040
2026Q2,WA5309300,8150402,MCL,Y,1040
2026Q2,CA5800851,8417888,MCL,Y,1040
2026Q2,MD1151056,8200422,MCL,Y,1040
2026Q2,CA1502253,219008,MCL,Y,1040
2026Q2,CA5410012,8900599,MCL,Y,1040
2026Q2,CA5700718,8380203,MCL,Y,1040
2026Q2,CA3310018,8400321,MCL,Y,1040
2026Q2,PA3060688,8011428,MCL,Y,1040
2026Q2,CA4310006,8300509,MCL,Y,1040
2026Q2,DE0000662,2181,MCL,Y,1040
2026Q2,CA5602106,8630949,MCL,Y,1040
2026Q2,DE0000266,991,MCL,Y,1040
2026Q2,IA4316087,9008085,MCL,Y,1040
2026Q2,MI2026239,8615148,MCL,Y,1040
2026Q2,CA2000630,8200032,MCL,Y,1040
2026Q2,CA5602106,8631436,MCL,Y,1040
2026Q2,DE0000705,1580,MCL,Y,1040
2026Q2,OK2005757,48094,MCL,Y,1040
2026Q2,NY5103703,15583,MCL,Y,1040
2026Q2,DE0000611,698,MCL,Y,1040
2026Q2,CA3310044,8900343,MCL,Y,1040
2026Q2,CA7300605,8417890,MCL,Y,1040
2026Q2,AK2310633,3051800,MCL,Y,1040
2026Q2,AZ0407343,3648,MCL,Y,1040
2026Q2,AZ0413193,18520,MCL,Y,1040
2026Q2,AZ0413316,411,MCL,Y,1040
2026Q2,CA1000637,47,MCL,Y,1040
2026Q2,CA1500464,9912014,MCL,Y,1040
2026Q2,CA1500494,9812054,MCL,Y,1040
2026Q2,CA1500494,9812056,MCL,Y,1040
2026Q2,CA1910142,9715003,MCL,Y,1040
2026Q2,CA2010012,9611012,MCL,Y,1040
2026Q2,CA2400166,1200010,MCL,Y,1040
2026Q2,CA2410012,811008,MCL,Y,1040
2026Q2,CA2700738,1300048,MCL,Y,1040
2026Q2,CA2700738,1400051,MCL,Y,1040
2026Q2,CA2700771,9800032,MCL,Y,1040
2026Q2,CA2700838,9800010,MCL,Y,1040
2026Q2,CA2701036,1400034,MCL,Y,1040
2026Q2,CA2701036,1400036,MCL,Y,1040
2026Q2,CA2701176,1500024,MCL,Y,1040
2026Q2,CA2702621,1500031,MCL,Y,1040
2026Q2,CA3301283,9600002,MCL,Y,1040
2026Q2,CA3310025,9420004,MCL,Y,1040
2026Q2,CA3701341,1705352,MCL,Y,1040
2026Q2,CA3701760,1404086,MCL,Y,1038
2026Q2,CA3701995,1605270,MCL,Y,1040
2026Q2,CA3901182,1300011,MCL,Y,1040
2026Q2,CA3901378,1000007,MCL,Y,1040
2026Q2,CA3901481,1100004,MCL,Y,1040
2026Q2,CA4300575,9705070,MCL,Y,1040
2026Q2,CA4900568,9918046,MCL,Y,1040
2026Q2,CA5000426,1680014,MCL,Y,1040
2026Q2,CA5000458,480001,MCL,Y,1040
2026Q2,CA5000574,1680033,MCL,Y,1040
2026Q2,CA5100176,9921009,MCL,Y,1040
2026Q2,CA5400665,9900027,MCL,Y,1040
2026Q2,CA5400666,700020,MCL,Y,1040
2026Q2,CA5401006,1112012,MCL,Y,1040
2026Q2,CA5402025,1000020,MCL,Y,1040
2026Q2,CA5402047,300007,MCL,Y,1040
2026Q2,CA5403007,1200020,MCL,Y,1040
2026Q2,CA5403013,400010,MCL,Y,1040
2026Q2,CA5403106,1400045,MCL,Y,1040
2026Q2,CA5403122,13,MCL,Y,1040
2026Q2,CO0123123,4009337,MCL,Y,1040
2026Q2,CO0132005,4030331,MCL,Y,1040
2026Q2,CO0162302,4008408,MCL,Y,1040
2026Q2,DE0000202,6681,MCL,Y,1040
2026Q2,DE0000263,1484,MCL,Y,1040
2026Q2,DE0000438,2206,MCL,Y,1040
2026Q2,DE0000528,102,MCL,Y,1040
2026Q2,DE0000590,2523,MCL,Y,1040
2026Q2,DE0000607,3887,MCL,Y,1040
2026Q2,DE0000864,4188,MCL,Y,1040
2026Q2,DE0001598,7289,MCL,Y,1040
2026Q2,DE0001605,509,MCL,Y,1040
2026Q2,DE0001605,511,MCL,Y,1040
2026Q2,DE00A0679,314,MCL,Y,1040
2026Q2,FL6295676,20110002429,MCL,Y,1040
2026Q2,IA0990990,557902,MCL,Y,1040
2026Q2,IA1031916,222492,MCL,Y,1040
2026Q2,IA1552040,518684,MCL,Y,1040
2026Q2,IA1570032,532884,MCL,Y,1040
2026Q2,IA2232776,29896,MCL,Y,1040
2026Q2,IA2279101,64800,MCL,Y,1040
2026Q2,IA2279101,77098,MCL,Y,1040
2026Q2,IA2839401,205423,MCL,Y,1040
2026Q2,IA3405201,94916,MCL,Y,1040
2026Q2,IA3709001,182614,MCL,Y,1041
2026Q2,IA3709001,200310,MCL,Y,1041
2026Q2,IA3709001,878911,MCL,Y,1041
2026Q2,IA4500901,397200,MCL,Y,1040
2026Q2,IA4535801,199407,MCL,Y,1040
2026Q2,IA5377727,306503,MCL,Y,1040
2026Q2,IA7009164,38591,MCL,Y,1040
2026Q2,IA7016202,87119,MCL,Y,1040
2026Q2,IA9630780,402999,MCL,Y,1040
2026Q2,IL0170050,1081389,MCL,Y,1040
2026Q2,IL1830350,4064598,MCL,Y,1040
2026Q2,IL3000521,6413,MCL,Y,1040
2026Q2,IL3115469,525210,MCL,Y,1040
2026Q2,IL3128124,579810,MCL,Y,1040
2026Q2,IL3134072,210,MCL,Y,1040
2026Q2,IN2200811,1004,MCL,Y,1040
2026Q2,IN2830824,21610,MCL,Y,1040
2026Q2,IN5203006,2003,MCL,Y,1040
2026Q2,IN5261005,720,MCL,Y,1040
2026Q2,KS2001301,1205,MCL,Y,1040
2026Q2,KS2001303,8726987,MCL,Y,1040
2026Q2,KS2001308,1115,MCL,Y,1040
2026Q2,KS2004305,2730,MCL,Y,1040
2026Q2,KS2005116,1136,MCL,Y,1040
2026Q2,KS2005707,2706,MCL,Y,1040
2026Q2,KS2005709,816,MCL,Y,1040
2026Q2,KS2015501,1299,MCL,Y,1040
2026Q2,KS2015501,4256,MCL,Y,1040
2026Q2,KS2015510,1222,MCL,Y,1040
2026Q2,KS2019118,2303,MCL,Y,1040
2026Q2,KS2020301,1120,MCL,Y,1040
2026Q2,MD1101216,91V0002,MCL,Y,1040
2026Q2,MI2023375,211136,MCL,Y,1040
2026Q2,MI2038154,1520125,MCL,Y,1040
2026Q2,MN5730351,10484,MCL,Y,1040
2026Q2,MN5730529,10565,MCL,Y,1040
2026Q2,MN5830041,10986,MCL,Y,1040
2026Q2,MT0000786,468098,MCL,Y,1038
2026Q2,MT0000965,5267608,MCL,Y,1038
2026Q2,MT0001747,5339405,MCL,Y,1038
2026Q2,NC4098010,4813114,MCL,Y,1040
2026Q2,NE3106506,521804,MCL,Y,1038
2026Q2,NE3107910,404703,MCL,Y,1038
2026Q2,NE3114701,532002,MCL,Y,1038
2026Q2,NE3120170,1889,MCL,Y,1040
2026Q2,NE3120233,526202,MCL,Y,1038
2026Q2,NE3120411,528003,MCL,Y,1038
2026Q2,NE3120455,529609,MCL,Y,1038
2026Q2,NE3120563,502108,MCL,Y,1038
2026Q2,NE3120645,1118,MCL,Y,1038
2026Q2,NE3120820,418805,MCL,Y,1038
2026Q2,NE3121276,715,MCL,Y,1038
2026Q2,NE3150698,443010,MCL,Y,1038
2026Q2,NJ1101322,612,MCL,Y,1040
2026Q2,NJ1432326,2130,MCL,Y,1040
2026Q2,NJ1714326,409,MCL,Y,1040
2026Q2,NJ2105308,1605,MCL,Y,1040
2026Q2,NM3575530,58639,MCL,Y,1038
2026Q2,OH2234812,7631505,MCL,Y,1040
2026Q2,OK2000202,55097,MCL,Y,1040
2026Q2,OK2000207,130906,MCL,Y,1038
2026Q2,OK2000207,130917,MCL,Y,1038
2026Q2,OK2000208,58093,MCL,Y,1040
2026Q2,OK2000606,282825,MCL,Y,1038
2026Q2,OK2000608,56498,MCL,Y,1040
2026Q2,OK2001309,143766,MCL,Y,1038
2026Q2,OK2002901,286809,MCL,Y,1038
2026Q2,OK2003715,283304,MCL,Y,1040
2026Q2,OK2003715,289378,MCL,Y,1038
2026Q2,OK2003715,289414,MCL,Y,1038
2026Q2,OK2003806,286001,MCL,Y,1040
2026Q2,OK2003806,286202,MCL,Y,1040
2026Q2,OK2004206,268126,MCL,Y,1038
2026Q2,OK2004268,405,MCL,Y,1038
2026Q2,OK2004402,98105,MCL,Y,1038
2026Q2,OK2004407,267724,MCL,Y,1038
2026Q2,OK2006503,61293,MCL,Y,1040
2026Q2,OK2006971,65811,MCL,Y,1038
2026Q2,OK2007503,95518,MCL,Y,1038
2026Q2,OR4100163,690,MCL,Y,1040
2026Q2,OR4191072,902797714,MCL,Y,1040
2026Q2,PA1150662,0025338,MCL,Y,1040
2026Q2,PA1150662,1012744,MCL,Y,1040
2026Q2,PA1230820,0130598,MCL,Y,1040
2026Q2,PA2080837,1240758,MCL,Y,1040
2026Q2,PA2570830,1405619,MCL,Y,1040
2026Q2,PA3390444,9458282,MCL,Y,1040
2026Q2,PA3390531,1937451,MCL,Y,1040
2026Q2,PA3391016,0127599,MCL,Y,1040
2026Q2,PA3480407,0112070,MCL,Y,1040
2026Q2,PA4050370,0525099,MCL,Y,1040
2026Q2,PA4190368,0716411,MCL,Y,1040
2026Q2,PA4490808,9005055,MCL,Y,1040
2026Q2,PA4600869,9921873,MCL,Y,1040
2026Q2,PA5320338,9556729,MCL,Y,1040
2026Q2,PA7220392,1808183,MCL,Y,1040
2026Q2,PA7220863,8905923,MCL,Y,1040
2026Q2,PA7280014,8809770,MCL,Y,1040
2026Q2,PA7280302,9578487,MCL,Y,1040
2026Q2,PA7360055,9154747,MCL,Y,1040
2026Q2,PA7360091,8919716,MCL,Y,1040
2026Q2,PA7360168,8715395,MCL,Y,1040
2026Q2,PA7360322,0438001,MCL,Y,1040
2026Q2,PA7360353,0923285,MCL,Y,1040
2026Q2,PA7360660,0337117,MCL,Y,1040
2026Q2,PA7360910,0216326,MCL,Y,1040
2026Q2,PA7361031,9023228,MCL,Y,1040
2026Q2,PA7361070,9579756,MCL,Y,1040
2026Q2,PA7381058,0023826,MCL,Y,1040
2026Q2,PA7381058,9931742,MCL,Y,1040
2026Q2,PA7500875,2409092,MCL,Y,1040
2026Q2,PA7670068,0023859,MCL,Y,1040
2026Q2,PA7671094,2044537,MCL,Y,1040
2026Q2,PA7671299,2044549,MCL,Y,1040
2026Q2,SD4600119,9300118,MCL,Y,1040
2026Q2,SD4602291,1200988,MCL,Y,1040
2026Q2,TX0390003,990010087,MCL,Y,1040
2026Q2,TX0440002,980009703,MCL,Y,1040
2026Q2,TX0480011,10001800,MCL,Y,1040
2026Q2,TX0580013,990010159,MCL,Y,1040
2026Q2,TX0580013,990010200,MCL,Y,1040
2026Q2,TX0580013,990010239,MCL,Y,1040
2026Q2,TX0680163,990010096,MCL,Y,1040
2026Q2,TX0830001,100068148,MCL,Y,1040
2026Q2,TX0830018,100068259,MCL,Y,1040
2026Q2,TX0830018,100068261,MCL,Y,1040
2026Q2,TX0950057,100069061,MCL,Y,1040
2026Q2,TX1100011,100069271,MCL,Y,1040
2026Q2,TX1140032,20001952,MCL,Y,1040
2026Q2,TX1350001,90063588,MCL,Y,1040
2026Q2,TX1380006,215,MCL,Y,1040
2026Q2,TX1500023,1006,MCL,Y,1040
2026Q2,TX1520064,990010127,MCL,Y,1040
2026Q2,TX1520080,990010711,MCL,Y,1040
2026Q2,TX1520080,990011255,MCL,Y,1040
2026Q2,TX1520123,90062608,MCL,Y,1040
2026Q2,TX1520147,100069389,MCL,Y,1040
2026Q2,TX1520225,100069223,MCL,Y,1040
2026Q2,TX1520225,100069345,MCL,Y,1040
2026Q2,TX1520286,54,MCL,Y,1040
2026Q2,TX1650006,100069386,MCL,Y,1040
2026Q2,TX1650029,10001047,MCL,Y,1040
2026Q2,TX1650035,20001927,MCL,Y,1040
2026Q2,TX1650043,990000294,MCL,Y,1040
2026Q2,TX1650044,30,MCL,Y,1040
2026Q2,TX1650057,990000189,MCL,Y,1040
2026Q2,TX1650077,157,MCL,Y,1040
2026Q2,TX1650077,970009926,MCL,Y,1040
2026Q2,TX1730003,970009644,MCL,Y,1040
2026Q2,TX1730003,990000255,MCL,Y,1040
2026Q2,TX1730003,990000266,MCL,Y,1040
2026Q2,TX1770001,2308,MCL,Y,1040
2026Q2,TX2440003,990010118,MCL,Y,1040
2026Q2,TX2440003,990010124,MCL,Y,1040
2026Q2,TX2440005,990010082,MCL,Y,1040
2026Q2,TX2440005,990010084,MCL,Y,1040
2026Q2,WA5313451,1780683,MCL,Y,1040
2026Q2,WA5314131,1481895,MCL,Y,1040
2026Q2,WA5331568,1145344,MCL,Y,1040
2026Q2,WA5351851,0442158,MCL,Y,1040
2026Q2,WA5356829,1453362,MCL,Y,1040
2026Q2,WA5356851,0635688,MCL,Y,1040
2026Q2,WA53AA597,1150143,MCL,Y,1040
2026Q2,WI1541170,9700050,MCL,Y,1040
2026Q2,WI4360437,0100003,MCL,Y,1040
2026Q2,WI4590890,2000001,MCL,Y,1038
2026Q2,WI6420693,2400006,MCL,Y,1040
2026Q2,WI7370157,9600003,MCL,Y,1040
2026Q2,WI7500282,9700011,MCL,Y,1040
2026Q2,WI7500733,0000060,MCL,Y,1038
2026Q2,WI7640142,0200004,MCL,Y,1038
2026Q2,WV9938010,133498,MCL,Y,1041
2026Q2,TX2440001,272088,MCL,Y,1040
2026Q2,TX0780013,405985,MCL,Y,1040
2026Q2,DE0000269,4081,MCL,Y,1040
2026Q2,CA2410012,8210024,MCL,Y,1040
2026Q2,IA7589008,126185,MCL,Y,1040
2026Q2,MI2013939,8615149,MCL,Y,1040
2026Q2,IL1435100,3291896,MCL,Y,1040
2026Q2,CA2701402,8100171,MCL,Y,1040
2026Q2,KS2015708,8248282,MCL,Y,1040
2026Q2,KS2014917,4426,MCL,Y,1040
2026Q2,WA5353250,0984798,MCL,Y,1040
2026Q2,OK2005757,61193,MCL,Y,1040
2026Q2,DE0000211,10890,MCL,Y,1040
2026Q2,CA0707607,8410890,MCL,Y,1040
2026Q2,DE0000947,1493,MCL,Y,1040
2026Q2,WA5349150,0822869,MCL,Y,1040
2026Q2,DE0000075,2597,MCL,Y,1040
2026Q2,CA3310037,8010152,MCL,Y,1040
2026Q2,DE0002316,9490,MCL,Y,1040
2026Q2,CA3700961,8200074,MCL,Y,1040
2026Q2,TX0680013,3001097,MCL,Y,1040
2026Q2,AZ0407438,1061881,MCL,Y,1040
2026Q2,KS2015905,9181,MCL,Y,1040
2026Q2,PA7671172,8616321,MCL,Y,1040
2026Q2,090400034,040003401104012012,MCL,Y,1040
2026Q2,AZ0407039,6460,MCL,Y,1040
2026Q2,AZ0411097,17259,MCL,Y,1040
2026Q2,AZ0411097,17336,MCL,Y,1040
2026Q2,AZ0411097,17482,MCL,Y,1040
2026Q2,AZ0413067,4667,MCL,Y,1040
2026Q2,AZ0413221,866,MCL,Y,1040
2026Q2,AZ0415122,437,MCL,Y,1040
2026Q2,CA1000112,9900031,MCL,Y,1040
2026Q2,CA1000479,1123008,MCL,Y,1040
2026Q2,CA1000637,21,MCL,Y,1040
2026Q2,CA1500458,9612065,MCL,Y,1040
2026Q2,CA1500464,1119006,MCL,Y,1040
2026Q2,CA1500464,9912032,MCL,Y,1040
2026Q2,CA1500575,9912007,MCL,Y,1040
2026Q2,CA1502017,1219024,MCL,Y,1040
2026Q2,CA1502413,9812014,MCL,Y,1040
2026Q2,CA1502699,9412047,MCL,Y,1040
2026Q2,CA1503576,919008,MCL,Y,1040
2026Q2,CA2702482,500043,MCL,Y,1040
2026Q2,CA2702616,1500041,MCL,Y,1040
2026Q2,CA3301529,9900049,MCL,Y,1040
2026Q2,CA3310018,8700567,MCL,Y,1040
2026Q2,CA3601094,1500012,MCL,Y,1040
2026Q2,CA3700063,1003222,MCL,Y,1038
2026Q2,CA3702754,1605279,MCL,Y,1040
2026Q2,CA3901481,1100012,MCL,Y,1040
2026Q2,CA3901486,55,MCL,Y,1040
2026Q2,CA4000563,500013,MCL,Y,1040
2026Q2,CA4200877,9700002,MCL,Y,1040
2026Q2,CA4410303,8900505,MCL,Y,1040
2026Q2,CA4900568,9918015,MCL,Y,1040
2026Q2,CA5000372,1180010,MCL,Y,1040
2026Q2,CA5000400,9780004,MCL,Y,1040
2026Q2,CA5000411,9780027,MCL,Y,1040
2026Q2,CA5000499,9780010,MCL,Y,1040
2026Q2,CA5400548,1300031,MCL,Y,1040
2026Q2,CA5400616,1300026,MCL,Y,1040
2026Q2,CA5400616,9800021,MCL,Y,1040
2026Q2,CA5400665,812047,MCL,Y,1040
2026Q2,CA5400670,1400092,MCL,Y,1040
2026Q2,CA5400810,1100025,MCL,Y,1040
2026Q2,CA5402043,9900022,MCL,Y,1040
2026Q2,CA5403030,500014,MCL,Y,1040
2026Q2,CA5403110,1400056,MCL,Y,1040
2026Q2,CA5700555,9800011,MCL,Y,1040
2026Q2,CO0132005,4030295,MCL,Y,1040
2026Q2,CO0132005,4030305,MCL,Y,1040
2026Q2,CO0247325,3017215,MCL,Y,1040
2026Q2,CO0247500,83,MCL,Y,1040
2026Q2,DE0000015,12288,MCL,Y,1040
2026Q2,DE0000050,6787,MCL,Y,1040
2026Q2,DE0000060,1206,MCL,Y,1040
2026Q2,DE0000060,2509,MCL,Y,1040
2026Q2,DE0000254,9482,MCL,Y,1040
2026Q2,DE0000269,1483,MCL,Y,1040
2026Q2,DE0000290,485,MCL,Y,1040
2026Q2,DE0000303,1982,MCL,Y,1040
2026Q2,DE0000502,1990,MCL,Y,1040
2026Q2,DE0000590,2552,MCL,Y,1040
2026Q2,DE0001316,8389,MCL,Y,1040
2026Q2,DE0001541,5191,MCL,Y,1040
2026Q2,DE0002598,7795,MCL,Y,1040
2026Q2,IA0709207,9016386,MCL,Y,1040
2026Q2,IA1433016,183208,MCL,Y,1040
2026Q2,IA4800634,98123,MCL,Y,1040
2026Q2,IA5625401,25512,MCL,Y,1040
2026Q2,IA6015047,386005,MCL,Y,1040
2026Q2,IA6028081,152196,MCL,Y,1040
2026Q2,IA9176019,30496,MCL,Y,1040
2026Q2,ID2350008,2648,MCL,Y,1040
2026Q2,ID3140022,6306,MCL,Y,1040
2026Q2,ID3140119,7545,MCL,Y,1040
2026Q2,IL0170050,1123089,MCL,Y,1040
2026Q2,IL0990020,2640794,MCL,Y,1040
2026Q2,IL1150350,1683892,MCL,Y,1040
2026Q2,IL1150350,3455596,MCL,Y,1040
2026Q2,IL1150350,4512499,MCL,Y,1040
2026Q2,IL1435100,2809595,MCL,Y,1040
2026Q2,IN2090856,4619,MCL,Y,1040
2026Q2,IN2200003,309,MCL,Y,1040
2026Q2,IN2200811,1305,MCL,Y,1040
2026Q2,IN2200948,3308,MCL,Y,1040
2026Q2,IN2710873,1410,MCL,Y,1040
2026Q2,IN5203005,2321,MCL,Y,1038
2026Q2,IN5261005,726,MCL,Y,1040
2026Q2,KS2004306,233,MCL,Y,1040
2026Q2,KS2006504,6514,MCL,Y,1040
2026Q2,KS2007708,2406,MCL,Y,1040
2026Q2,KS2007708,703,MCL,Y,1040
2026Q2,KS2008703,806,MCL,Y,1040
2026Q2,KS2008907,1198,MCL,Y,1040
2026Q2,KS2009703,306,MCL,Y,1040
2026Q2,KS2009703,307,MCL,Y,1040
2026Q2,KS2014703,2000,MCL,Y,1040
2026Q2,KS2014703,897,MCL,Y,1040
2026Q2,KS2014917,4430,MCL,Y,1040
2026Q2,KS2015501,4223,MCL,Y,1040
2026Q2,KS2015709,2817,MCL,Y,1040
2026Q2,KS2016306,8851088,MCL,Y,1040
2026Q2,KS2019101,1502,MCL,Y,1040
2026Q2,KY0040015,7380097,MCL,Y,1040
2026Q2,ME0094539,123698,MCL,Y,1040
2026Q2,ME0294539,164002,MCL,Y,1040
2026Q2,MI2007815,9530032,MCL,Y,1040
2026Q2,MI2021251,730344,MCL,Y,1040
2026Q2,MI2037761,1720574,MCL,Y,1040
2026Q2,MN1030006,739533,MCL,Y,1040
2026Q2,MN1590004,4164,MCL,Y,1040
2026Q2,MN1860013,827496,MCL,Y,1040
2026Q2,MN5180700,34502,MCL,Y,1040
2026Q2,MN5640028,9833,MCL,Y,1040
2026Q2,MN5730418,10522,MCL,Y,1040
2026Q2,MT0000549,76381,MCL,Y,1040
2026Q2,MT0001379,1288004,MCL,Y,1038
2026Q2,MT0002022,5326704,MCL,Y,1038
2026Q2,MT0002687,5270323,MCL,Y,1038
2026Q2,MT0003941,1011,MCL,Y,1038
2026Q2,NE3107313,533403,MCL,Y,1038
2026Q2,NE3109502,201510,MCL,Y,1038
2026Q2,NE3114113,526899,MCL,Y,1038
2026Q2,NE3114504,504605,MCL,Y,1038
2026Q2,NE3120233,528109,MCL,Y,1038
2026Q2,NE3120411,528204,MCL,Y,1038
2026Q2,NE3120411,529607,MCL,Y,1038
2026Q2,NE3120543,1709,MCL,Y,1038
2026Q2,NE3120567,470008,MCL,Y,1038
2026Q2,NE3120702,457714,MCL,Y,1038
2026Q2,NJ0436314,2506,MCL,Y,1040
2026Q2,NJ0436314,2807,MCL,Y,1040
2026Q2,NJ0612303,501,MCL,Y,1040
2026Q2,NJ2105311,404,MCL,Y,1040
2026Q2,NY4708607,502,MCL,Y,1040
2026Q2,NY5103705,97,MCL,Y,1041
2026Q2,OH1600912,8904490,MCL,Y,1040
2026Q2,OH2333412,9658405,MCL,Y,1040
2026Q2,OH3101412,9000305,MCL,Y,1040
2026Q2,OH6541512,5258703,MCL,Y,1040
2026Q2,OH7200311,5790503,MCL,Y,1040
2026Q2,OK2000201,43494,MCL,Y,1040
2026Q2,OK2000202,79797,MCL,Y,1040
2026Q2,OK2000207,130929,MCL,Y,1038
2026Q2,OK2000207,130969,MCL,Y,1038
2026Q2,OK2000908,195218,MCL,Y,1038
2026Q2,OK2000908,195281,MCL,Y,1038
2026Q2,OK2002804,282701,MCL,Y,1040
2026Q2,OK2002901,72396,MCL,Y,1040
2026Q2,OK2003701,238486,MCL,Y,1038
2026Q2,OK2003704,288362,MCL,Y,1038
2026Q2,OK2003705,185,MCL,Y,1040
2026Q2,OK2003715,289405,MCL,Y,1038
2026Q2,OK2004206,111997,MCL,Y,1040
2026Q2,OK2004402,99123,MCL,Y,1038
2026Q2,OK2007101,113794,MCL,Y,1040
2026Q2,OK2007103,156595,MCL,Y,1038
2026Q2,OK2007103,156767,MCL,Y,1038
2026Q2,OK2007104,238732,MCL,Y,1038
2026Q2,OR4100588,902640359,MCL,Y,1040
2026Q2,OR4100911,903105166,MCL,Y,1040
2026Q2,OR4191028,2203009,MCL,Y,1040
2026Q2,OR4194030,3329612,MCL,Y,1040
2026Q2,PA1091377,2131237,MCL,Y,1040
2026Q2,PA1150442,9001658,MCL,Y,1040
2026Q2,PA1150662,0921150,MCL,Y,1040
2026Q2,PA1150696,9853007,MCL,Y,1040
2026Q2,PA1461131,9847448,MCL,Y,1040
2026Q2,PA2401061,0817420,MCL,Y,1040
2026Q2,PA2590801,2105658,MCL,Y,1040
2026Q2,PA3060031,9568630,MCL,Y,1040
2026Q2,PA3480407,9318489,MCL,Y,1040
2026Q2,PA3480929,9843624,MCL,Y,1040
2026Q2,PA4050416,9119899,MCL,Y,1040
2026Q2,PA4070813,9000889,MCL,Y,1040
2026Q2,PA4550856,0307866,MCL,Y,1040
2026Q2,PA5100450,0208841,MCL,Y,1040
2026Q2,PA6200815,1023549,MCL,Y,1040
2026Q2,PA6530811,1410986,MCL,Y,1040
2026Q2,PA7011021,1245074,MCL,Y,1040
2026Q2,PA7220863,9001128,MCL,Y,1040
2026Q2,PA7280894,0211188,MCL,Y,1040
2026Q2,PA7280894,0421684,MCL,Y,1040
2026Q2,PA7360025,9128192,MCL,Y,1040
2026Q2,PA7360107,8143230,MCL,Y,1040
2026Q2,PA7360115,8828874,MCL,Y,1040
2026Q2,PA7360340,9926953,MCL,Y,1040
2026Q2,PA7360475,9835653,MCL,Y,1040
2026Q2,PA7360494,9319420,MCL,Y,1040
2026Q2,PA7360749,0540754,MCL,Y,1040
2026Q2,PA7360882,9721457,MCL,Y,1040
2026Q2,PA7360904,9418487,MCL,Y,1040
2026Q2,PA7360910,0137549,MCL,Y,1040
2026Q2,PA7360944,0224094,MCL,Y,1040
2026Q2,PA7361062,0128915,MCL,Y,1040
2026Q2,PA7361062,9656041,MCL,Y,1040
2026Q2,PA7670082,9581079,MCL,Y,1040
2026Q2,PA7670084,8206199,MCL,Y,1040
2026Q2,PA7670088,0133006,MCL,Y,1040
2026Q2,PA7670321,1509479,MCL,Y,1040
2026Q2,SD4602291,1100766,MCL,Y,1040
2026Q2,TX0680013,80040881,MCL,Y,1040
2026Q2,TX0680013,990010003,MCL,Y,1040
2026Q2,TX0680013,990010029,MCL,Y,1040
2026Q2,TX0830011,100068062,MCL,Y,1040
2026Q2,TX0870003,10001022,MCL,Y,1040
2026Q2,TX1080238,90064524,MCL,Y,1040
2026Q2,TX1280015,26,MCL,Y,1040
2026Q2,TX1350001,100068298,MCL,Y,1040
2026Q2,TX1520080,990011337,MCL,Y,1040
2026Q2,TX1520128,115,MCL,Y,1040
2026Q2,TX1520138,20002017,MCL,Y,1040
2026Q2,TX1520142,1003,MCL,Y,1040
2026Q2,TX1520185,90064533,MCL,Y,1040
2026Q2,TX1520185,990010110,MCL,Y,1040
2026Q2,TX1520236,100068249,MCL,Y,1040
2026Q2,TX1520243,1307,MCL,Y,1040
2026Q2,TX1590002,100068315,MCL,Y,1040
2026Q2,TX1650007,100068353,MCL,Y,1040
2026Q2,TX1650024,100068065,MCL,Y,1040
2026Q2,TX1650043,20001929,MCL,Y,1040
2026Q2,TX1650077,970010198,MCL,Y,1040
2026Q2,TX1650111,100069514,MCL,Y,1040
2026Q2,TX1650135,45,MCL,Y,1040
2026Q2,TX1670013,100068312,MCL,Y,1040
2026Q2,TX2140030,90063613,MCL,Y,1040
2026Q2,TX2430005,20001937,MCL,Y,1040
2026Q2,TX2440003,990010100,MCL,Y,1040
2026Q2,WA5300119,0961175,MCL,Y,1040
2026Q2,WA5306287,0945905,MCL,Y,1040
2026Q2,WA5309639,1569590,MCL,Y,1040
2026Q2,WA5309677,0340070,MCL,Y,1040
2026Q2,WA5309677,0409360,MCL,Y,1040
2026Q2,WA5356829,0961260,MCL,Y,1040
2026Q2,WA5356851,0829980,MCL,Y,1040
2026Q2,WA5362135,0485021,MCL,Y,1040
2026Q2,WA5362150,0595395,MCL,Y,1040
2026Q2,WA5385209,1789762,MCL,Y,1040
2026Q2,WA53AA597,1213568,MCL,Y,1040
2026Q2,WI1130233,83V0002,MCL,Y,1040
2026Q2,WI2680913,0000003,MCL,Y,1040
2026Q2,WI4390294,9500024,MCL,Y,1038
2026Q2,WI4690642,9800007,MCL,Y,1038
2026Q2,WI7440530,9400009,MCL,Y,1038
2026Q2,MI7020373,8615183,MCL,Y,1040
2026Q2,CA4300619,8380137,MCL,Y,1040
2026Q2,DE0000157,1180,MCL,Y,1040
2026Q2,CA4410303,8400511,MCL,Y,1040
2026Q2,CA5601122,8332170,MCL,Y,1040
2026Q2,DE0003303,3193,MCL,Y,1040
2026Q2,WA5342175,1103762,MCL,Y,1040
2026Q2,IA1636090,9008185,MCL,Y,1040
2026Q2,WA5314176,8150403,MCL,Y,1040
2026Q2,MI2005575,8615186,MCL,Y,1040
2026Q2,WA5308520,2604326,MCL,Y,1040
2026Q2,AZ0415411,1218989,MCL,Y,1040
2026Q2,FL6296240,20260012139,MCL,Y,1040
2026Q2,TX2000002,1395684,MCL,Y,1040
2026Q2,CA5400709,8417671,MCL,Y,1040
2026Q2,IA7245801,15880,MCL,Y,1040
2026Q2,CA2410006,8400193,MCL,Y,1040
2026Q2,MT0001778,99481,MCL,Y,1040
2026Q2,KS2002701,8246882,MCL,Y,1040
2026Q2,KS2019101,41781,MCL,Y,1040
2026Q2,CA3600115,8630388,MCL,Y,1040
2026Q2,AZ0411042,12014,MCL,Y,1040
2026Q2,AZ0411097,17449,MCL,Y,1040
2026Q2,AZ0411114,7008,MCL,Y,1040
2026Q2,AZ0411712,11718,MCL,Y,1040
2026Q2,CA1000112,1123016,MCL,Y,1040
2026Q2,CA1000366,1123010,MCL,Y,1040
2026Q2,CA1500393,9912008,MCL,Y,1040
2026Q2,CA1500409,9812044,MCL,Y,1040
2026Q2,CA1500464,9912018,MCL,Y,1040
2026Q2,CA1500465,9812009,MCL,Y,1040
2026Q2,CA1500544,719009,MCL,Y,1040
2026Q2,CA1502017,9919045,MCL,Y,1038
2026Q2,CA2000660,1100032,MCL,Y,1040
2026Q2,CA2000944,1300032,MCL,Y,1040
2026Q2,CA2701040,700021,MCL,Y,1040
2026Q2,CA2701904,500018,MCL,Y,1040
2026Q2,CA3301482,1600047,MCL,Y,1040
2026Q2,CA3301529,9900030,MCL,Y,1040
2026Q2,CA3302093,1200015,MCL,Y,1040
2026Q2,CA3610011,9313003,MCL,Y,1040
2026Q2,CA3700924,1605297,MCL,Y,1040
2026Q2,CA4000563,500015,MCL,Y,1040
2026Q2,CA4000732,300022,MCL,Y,1040
2026Q2,CA4300575,9705058,MCL,Y,1040
2026Q2,CA4310006,8600099,MCL,Y,1040
2026Q2,CA4900568,9918017,MCL,Y,1040
2026Q2,CA5000426,1680006,MCL,Y,1040
2026Q2,CA5000426,1680013,MCL,Y,1040
2026Q2,CA5000525,480005,MCL,Y,1040
2026Q2,CA5000530,1580021,MCL,Y,1040
2026Q2,CA5400670,1400107,MCL,Y,1040
2026Q2,CA5400682,1212029,MCL,Y,1040
2026Q2,CA5401006,1112016,MCL,Y,1040
2026Q2,CA5402013,1000034,MCL,Y,1040
2026Q2,CA5402022,400007,MCL,Y,1040
2026Q2,CA5403106,1400047,MCL,Y,1040
2026Q2,CA5610029,9506010,MCL,Y,1040
2026Q2,CO0223800,4029651,MCL,Y,1040
2026Q2,CO0225733,3012332,MCL,Y,1040
2026Q2,CT0470041,4183,MCL,Y,1040
2026Q2,DE0000286,1090,MCL,Y,1040
2026Q2,DE0000521,211,MCL,Y,1040
2026Q2,DE0000523,4688,MCL,Y,1040
2026Q2,DE0000593,11683,MCL,Y,1040
2026Q2,DE0000601,8982,MCL,Y,1040
2026Q2,DE0000608,1619,MCL,Y,1040
2026Q2,DE0000627,5089,MCL,Y,1040
2026Q2,DE0000632,2901,MCL,Y,1038
2026Q2,DE0001598,11588,MCL,Y,1040
2026Q2,DE0002541,7589,MCL,Y,1040
2026Q2,DE0002598,5095,MCL,Y,1040
2026Q2,DE0002601,22793,MCL,Y,1040
2026Q2,DE0004525,23193,MCL,Y,1040
2026Q2,DE00A0809,610,MCL,Y,1040
2026Q2,GA1390025,10097,MCL,Y,1040
2026Q2,IA1031916,9015386,MCL,Y,1040
2026Q2,IA2839401,19622,MCL,Y,1040
2026Q2,IA3383203,227806,MCL,Y,1040
2026Q2,IA3709001,896711,MCL,Y,1041
2026Q2,IA3956700,9017286,MCL,Y,1040
2026Q2,IA4260401,226525,MCL,Y,1040
2026Q2,IA4535801,66108,MCL,Y,1040
2026Q2,IA5765203,69100,MCL,Y,1040
2026Q2,IA6616772,558284,MCL,Y,1040
2026Q2,IA8482096,561602,MCL,Y,1040
2026Q2,IA9276096,257408,MCL,Y,1041
2026Q2,ID2250019,6337,MCL,Y,1040
2026Q2,IL1130200,264286,MCL,Y,1040
2026Q2,IL1150150,266185,MCL,Y,1040
2026Q2,IL1150150,4512399,MCL,Y,1040
2026Q2,IL1830150,278085,MCL,Y,1040
2026Q2,IL3060285,239506,MCL,Y,1040
2026Q2,IN2200580,204,MCL,Y,1040
2026Q2,IN2200811,2516,MCL,Y,1040
2026Q2,KS2000705,8401784,MCL,Y,1040
2026Q2,KS2005709,814,MCL,Y,1040
2026Q2,KS2009505,4338,MCL,Y,1040
2026Q2,KS2010504,8408384,MCL,Y,1040
2026Q2,KS2010901,5208,MCL,Y,1040
2026Q2,KS2011703,737,MCL,Y,1040
2026Q2,KS2015501,4262,MCL,Y,1040
2026Q2,KS2015901,1798,MCL,Y,1040
2026Q2,KS2016302,139,MCL,Y,1040
2026Q2,KS2018102,1514,MCL,Y,1040
2026Q2,KS2019116,3346,MCL,Y,1040
2026Q2,KS2019118,2451,MCL,Y,1040
2026Q2,KY0040015,8429799,MCL,Y,1040
2026Q2,MD0230206,8500531,MCL,Y,1040
2026Q2,MI2007240,9620322,MCL,Y,1040
2026Q2,MN5800083,10809,MCL,Y,1040
2026Q2,MN5820110,40880,MCL,Y,1040
2026Q2,MO1010489,1214494,MCL,Y,1040
